Invoice,StockCode,Description,Quantity,InvoiceDate,Price,Customer ID,Country
536365,85123A,FIXTURE ITEM,6,2010-12-01T08:26:00.000Z,2.55,10001,United Kingdom
536365,85123A,FIXTURE ITEM,6,2010-12-01T08:26:00.000Z,2.55,10002,United Kingdom
536365,85123A,FIXTURE ITEM,6,2010-12-01T08:26:00.000Z,2.55,10003,United Kingdom
536365,85123A,FIXTURE ITEM,6,2010-12-01T08:26:00.000Z,2.55,10004,United Kingdom
536365,85123A,FIXTURE ITEM,6,2010-12-01T08:26:00.000Z,2.55,10005,United Kingdom
536365,85123A,FIXTURE ITEM,6,2010-12-01T08:26:00.000Z,2.55,10006,United Kingdom
536365,85123A,FIXTURE ITEM,6,2010-12-01T08:26:00.000Z,2.55,10007,United Kingdom
536365,85123A,FIXTURE ITEM,6,2010-12-01T08:26:00.000Z,2.55,10008,United Kingdom
536365,85123A,FIXTURE ITEM,6,2010-12-01T08:26:00.000Z,2.55,10009,United Kingdom
536365,85123A,FIXTURE ITEM,6,2010-12-01T08:26:00.000Z,2.55,100010,United Kingdom
536365,85123A,FIXTURE ITEM,6,2010-12-01T08:26:00.000Z,2.55,100011,United Kingdom
536365,85123A,FIXTURE ITEM,6,2010-12-01T08:26:00.000Z,2.55,100012,United Kingdom
536365,85123A,FIXTURE ITEM,6,2010-12-01T08:26:00.000Z,2.55,100013,United Kingdom
536365,85123A,FIXTURE ITEM,6,2010-12-01T08:26:00.000Z,2.55,100014,United Kingdom
536365,85123A,FIXTURE ITEM,6,2010-12-01T08:26:00.000Z,2.55,100015,United Kingdom
536365,85123A,FIXTURE ITEM,6,2010-12-01T08:26:00.000Z,2.55,100016,United Kingdom
536365,85123A,FIXTURE ITEM,6,2010-12-01T08:26:00.000Z,2.55,100017,United Kingdom
536365,85123A,FIXTURE ITEM,6,2010-12-01T08:26:00.000Z,2.55,100018,United Kingdom
536365,85123A,FIXTURE ITEM,6,2010-12-01T08:26:00.000Z,2.55,100019,United Kingdom
536365,85123A,FIXTURE ITEM,6,2010-12-01T08:26:00.000Z,2.55,100020,United Kingdom
536365,85123A,FIXTURE ITEM,6,2010-12-01T08:26:00.000Z,2.55,100021,United Kingdom
536365,85123A,FIXTURE ITEM,6,2010-12-01T08:26:00.000Z,2.55,100022,United Kingdom
536365,85123A,FIXTURE ITEM,6,2010-12-01T08:26:00.000Z,2.55,100023,United Kingdom
536365,85123A,FIXTURE ITEM,6,2010-12-01T08:26:00.000Z,2.55,100024,United Kingdom
536365,85123A,FIXTURE ITEM,6,2010-12-01T08:26:00.000Z,2.55,100025,United Kingdom
536365,85123A,FIXTURE ITEM,6,2010-12-01T08:26:00.000Z,2.55,100026,United Kingdom
536365,85123A,FIXTURE ITEM,6,2010-12-01T08:26:00.000Z,2.55,100027,United Kingdom
536365,85123A,FIXTURE ITEM,6,2010-12-01T08:26:00.000Z,2.55,100028,United Kingdom
536365,85123A,FIXTURE ITEM,6,2010-12-01T08:26:00.000Z,2.55,100029,United Kingdom
536365,85123A,FIXTURE ITEM,6,2010-12-01T08:26:00.000Z,2.55,100030,United Kingdom
536365,85123A,FIXTURE ITEM,6,2010-12-01T08:26:00.000Z,2.55,100031,United Kingdom
536365,85123A,FIXTURE ITEM,6,2010-12-01T08:26:00.000Z,2.55,100032,United Kingdom
536365,85123A,FIXTURE ITEM,6,2010-12-01T08:26:00.000Z,2.55,100033,United Kingdom
536365,85123A,FIXTURE ITEM,6,2010-12-01T08:26:00.000Z,2.55,100034,United Kingdom
536365,85123A,FIXTURE ITEM,6,2010-12-01T08:26:00.000Z,2.55,100035,United Kingdom
536365,85123A,FIXTURE ITEM,6,2010-12-01T08:26:00.000Z,2.55,100036,United Kingdom
536365,85123A,FIXTURE ITEM,6,2010-12-01T08:26:00.000Z,2.55,100037,United Kingdom
536365,85123A,FIXTURE ITEM,6,2010-12-01T08:26:00.000Z,2.55,100038,United Kingdom
536365,85123A,FIXTURE ITEM,6,2010-12-01T08:26:00.000Z,2.55,100039,United Kingdom
536365,85123A,FIXTURE ITEM,6,2010-12-01T08:26:00.000Z,2.55,100040,United Kingdom
536365,85123A,FIXTURE ITEM,6,2010-12-01T08:26:00.000Z,2.55,100041,United Kingdom
536365,85123A,FIXTURE ITEM,6,2010-12-01T08:26:00.000Z,2.55,100042,United Kingdom
536365,85123A,FIXTURE ITEM,6,2010-12-01T08:26:00.000Z,2.55,100043,United Kingdom
536365,85123A,FIXTURE ITEM,6,2010-12-01T08:26:00.000Z,2.55,100044,United Kingdom
536365,85123A,FIXTURE ITEM,6,2010-12-01T08:26:00.000Z,2.55,100045,United Kingdom
536365,85123A,FIXTURE ITEM,6,2010-12-01T08:26:00.000Z,2.55,100046,United Kingdom
536365,85123A,FIXTURE ITEM,6,2010-12-01T08:26:00.000Z,2.55,100047,United Kingdom
536365,85123A,FIXTURE ITEM,6,2010-12-01T08:26:00.000Z,2.55,100048,United Kingdom
536365,85123A,FIXTURE ITEM,6,2010-12-01T08:26:00.000Z,2.55,100049,United Kingdom
536365,85123A,FIXTURE ITEM,6,2010-12-01T08:26:00.000Z,2.55,100050,United Kingdom
536365,85123A,FIXTURE ITEM,6,2010-12-01T08:26:00.000Z,2.55,100051,United Kingdom
536365,85123A,FIXTURE ITEM,6,2010-12-01T08:26:00.000Z,2.55,100052,United Kingdom
536365,85123A,FIXTURE ITEM,6,2010-12-01T08:26:00.000Z,2.55,100053,United Kingdom
536365,85123A,FIXTURE ITEM,6,2010-12-01T08:26:00.000Z,2.55,100054,United Kingdom
536365,85123A,FIXTURE ITEM,6,2010-12-01T08:26:00.000Z,2.55,100055,United Kingdom
536365,85123A,FIXTURE ITEM,6,2010-12-01T08:26:00.000Z,2.55,100056,United Kingdom
536365,85123A,FIXTURE ITEM,6,2010-12-01T08:26:00.000Z,2.55,100057,United Kingdom
536365,85123A,FIXTURE ITEM,6,2010-12-01T08:26:00.000Z,2.55,100058,United Kingdom
536365,85123A,FIXTURE ITEM,6,2010-12-01T08:26:00.000Z,2.55,100059,United Kingdom
536365,85123A,FIXTURE ITEM,6,2010-12-01T08:26:00.000Z,2.55,100060,United Kingdom
536365,85123A,FIXTURE ITEM,6,2010-12-01T08:26:00.000Z,2.55,100061,United Kingdom
536365,85123A,FIXTURE ITEM,6,2010-12-01T08:26:00.000Z,2.55,100062,United Kingdom
536365,85123A,FIXTURE ITEM,6,2010-12-01T08:26:00.000Z,2.55,100063,United Kingdom
536365,85123A,FIXTURE ITEM,6,2010-12-01T08:26:00.000Z,2.55,100064,United Kingdom
536365,85123A,FIXTURE ITEM,6,2010-12-01T08:26:00.000Z,2.55,100065,United Kingdom
536365,85123A,FIXTURE ITEM,6,2010-12-01T08:26:00.000Z,2.55,100066,United Kingdom
536365,85123A,FIXTURE ITEM,6,2010-12-01T08:26:00.000Z,2.55,100067,United Kingdom
536365,85123A,FIXTURE ITEM,6,2010-12-01T08:26:00.000Z,2.55,100068,United Kingdom
536365,85123A,FIXTURE ITEM,6,2010-12-01T08:26:00.000Z,2.55,100069,United Kingdom
536365,85123A,FIXTURE ITEM,6,2010-12-01T08:26:00.000Z,2.55,100070,United Kingdom
536365,85123A,FIXTURE ITEM,6,2010-12-01T08:26:00.000Z,2.55,100071,United Kingdom
536365,85123A,FIXTURE ITEM,6,2010-12-01T08:26:00.000Z,2.55,100072,United Kingdom
536365,85123A,FIXTURE ITEM,6,2010-12-01T08:26:00.000Z,2.55,100073,United Kingdom
536365,85123A,FIXTURE ITEM,6,2010-12-01T08:26:00.000Z,2.55,100074,United Kingdom
536365,85123A,FIXTURE ITEM,6,2010-12-01T08:26:00.000Z,2.55,100075,United Kingdom
536365,85123A,FIXTURE ITEM,6,2010-12-01T08:26:00.000Z,2.55,100076,United Kingdom
536365,85123A,FIXTURE ITEM,6,2010-12-01T08:26:00.000Z,2.55,100077,United Kingdom
536365,85123A,FIXTURE ITEM,6,2010-12-01T08:26:00.000Z,2.55,100078,United Kingdom
536365,85123A,FIXTURE ITEM,6,2010-12-01T08:26:00.000Z,2.55,100079,United Kingdom
536365,85123A,FIXTURE ITEM,6,2010-12-01T08:26:00.000Z,2.55,100080,United Kingdom
536365,85123A,FIXTURE ITEM,6,2010-12-01T08:26:00.000Z,2.55,100081,United Kingdom
536365,85123A,FIXTURE ITEM,6,2010-12-01T08:26:00.000Z,2.55,100082,United Kingdom
536365,85123A,FIXTURE ITEM,6,2010-12-01T08:26:00.000Z,2.55,100083,United Kingdom
536365,85123A,FIXTURE ITEM,6,2010-12-01T08:26:00.000Z,2.55,100084,United Kingdom
536365,85123A,FIXTURE ITEM,6,2010-12-01T08:26:00.000Z,2.55,100085,United Kingdom
536365,85123A,FIXTURE ITEM,6,2010-12-01T08:26:00.000Z,2.55,100086,United Kingdom
536365,85123A,FIXTURE ITEM,6,2010-12-01T08:26:00.000Z,2.55,100087,United Kingdom
536365,85123A,FIXTURE ITEM,6,2010-12-01T08:26:00.000Z,2.55,100088,United Kingdom
536365,85123A,FIXTURE ITEM,6,2010-12-01T08:26:00.000Z,2.55,100089,United Kingdom
536365,85123A,FIXTURE ITEM,6,2010-12-01T08:26:00.000Z,2.55,100090,United Kingdom
536365,85123A,FIXTURE ITEM,6,2010-12-01T08:26:00.000Z,2.55,100091,United Kingdom
536365,85123A,FIXTURE ITEM,6,2010-12-01T08:26:00.000Z,2.55,100092,United Kingdom
536365,85123A,FIXTURE ITEM,6,2010-12-01T08:26:00.000Z,2.55,100093,United Kingdom
536365,85123A,FIXTURE ITEM,6,2010-12-01T08:26:00.000Z,2.55,100094,United Kingdom
536365,85123A,FIXTURE ITEM,6,2010-12-01T08:26:00.000Z,2.55,100095,United Kingdom
536365,85123A,FIXTURE ITEM,6,2010-12-01T08:26:00.000Z,2.55,100096,United Kingdom
536365,85123A,FIXTURE ITEM,6,2010-12-01T08:26:00.000Z,2.55,100097,United Kingdom
536365,85123A,FIXTURE ITEM,6,2010-12-01T08:26:00.000Z,2.55,100098,United Kingdom
536365,85123A,FIXTURE ITEM,6,2010-12-01T08:26:00.000Z,2.55,100099,United Kingdom
536365,85123A,FIXTURE ITEM,6,2010-12-01T08:26:00.000Z,2.55,1000100,United Kingdom
536365,85123A,FIXTURE ITEM,6,2010-12-01T08:26:00.000Z,2.55,1000101,United Kingdom
536365,85123A,FIXTURE ITEM,6,2010-12-01T08:26:00.000Z,2.55,1000102,United Kingdom
536365,85123A,FIXTURE ITEM,6,2010-12-01T08:26:00.000Z,2.55,1000103,United Kingdom
536365,85123A,FIXTURE ITEM,6,2010-12-01T08:26:00.000Z,2.55,1000104,United Kingdom
536365,85123A,FIXTURE ITEM,6,2010-12-01T08:26:00.000Z,2.55,1000105,United Kingdom
536365,85123A,FIXTURE ITEM,6,2010-12-01T08:26:00.000Z,2.55,1000106,United Kingdom
536365,85123A,FIXTURE ITEM,6,2010-12-01T08:26:00.000Z,2.55,1000107,United Kingdom
536365,85123A,FIXTURE ITEM,6,2010-12-01T08:26:00.000Z,2.55,1000108,United Kingdom
536365,85123A,FIXTURE ITEM,6,2010-12-01T08:26:00.000Z,2.55,1000109,United Kingdom
536365,85123A,FIXTURE ITEM,6,2010-12-01T08:26:00.000Z,2.55,1000110,United Kingdom
536365,85123A,FIXTURE ITEM,6,2010-12-01T08:26:00.000Z,2.55,1000111,United Kingdom
536365,85123A,FIXTURE ITEM,6,2010-12-01T08:26:00.000Z,2.55,1000112,United Kingdom
536365,85123A,FIXTURE ITEM,6,2010-12-01T08:26:00.000Z,2.55,1000113,United Kingdom
536365,85123A,FIXTURE ITEM,6,2010-12-01T08:26:00.000Z,2.55,1000114,United Kingdom
536365,85123A,FIXTURE ITEM,6,2010-12-01T08:26:00.000Z,2.55,1000115,United Kingdom
536365,85123A,FIXTURE ITEM,6,2010-12-01T08:26:00.000Z,2.55,1000116,United Kingdom
536365,85123A,FIXTURE ITEM,6,2010-12-01T08:26:00.000Z,2.55,1000117,United Kingdom
536365,85123A,FIXTURE ITEM,6,2010-12-01T08:26:00.000Z,2.55,1000118,United Kingdom
536365,85123A,FIXTURE ITEM,6,2010-12-01T08:26:00.000Z,2.55,1000119,United Kingdom
536365,85123A,FIXTURE ITEM,6,2010-12-01T08:26:00.000Z,2.55,1000120,United Kingdom
536365,85123A,FIXTURE ITEM,6,2010-12-01T08:26:00.000Z,2.55,1000121,United Kingdom
536365,85123A,FIXTURE ITEM,6,2010-12-01T08:26:00.000Z,2.55,1000122,United Kingdom
536365,85123A,FIXTURE ITEM,6,2010-12-01T08:26:00.000Z,2.55,1000123,United Kingdom
536365,85123A,FIXTURE ITEM,6,2010-12-01T08:26:00.000Z,2.55,1000124,United Kingdom
536365,85123A,FIXTURE ITEM,6,2010-12-01T08:26:00.000Z,2.55,1000125,United Kingdom
536365,85123A,FIXTURE ITEM,6,2010-12-01T08:26:00.000Z,2.55,1000126,United Kingdom
536365,85123A,FIXTURE ITEM,6,2010-12-01T08:26:00.000Z,2.55,1000127,United Kingdom
536365,85123A,FIXTURE ITEM,6,2010-12-01T08:26:00.000Z,2.55,1000128,United Kingdom
536365,85123A,FIXTURE ITEM,6,2010-12-01T08:26:00.000Z,2.55,1000129,United Kingdom
536365,85123A,FIXTURE ITEM,6,2010-12-01T08:26:00.000Z,2.55,1000130,United Kingdom
536365,85123A,FIXTURE ITEM,6,2010-12-01T08:26:00.000Z,2.55,1000131,United Kingdom
536365,85123A,FIXTURE ITEM,6,2010-12-01T08:26:00.000Z,2.55,1000132,United Kingdom
536365,85123A,FIXTURE ITEM,6,2010-12-01T08:26:00.000Z,2.55,1000133,United Kingdom
536365,85123A,FIXTURE ITEM,6,2010-12-01T08:26:00.000Z,2.55,1000134,United Kingdom
536365,85123A,FIXTURE ITEM,6,2010-12-01T08:26:00.000Z,2.55,1000135,United Kingdom
536365,85123A,FIXTURE ITEM,6,2010-12-01T08:26:00.000Z,2.55,1000136,United Kingdom
536365,85123A,FIXTURE ITEM,6,2010-12-01T08:26:00.000Z,2.55,1000137,United Kingdom
536365,85123A,FIXTURE ITEM,6,2010-12-01T08:26:00.000Z,2.55,1000138,United Kingdom
536365,85123A,FIXTURE ITEM,6,2010-12-01T08:26:00.000Z,2.55,1000139,United Kingdom
536365,85123A,FIXTURE ITEM,6,2010-12-01T08:26:00.000Z,2.55,1000140,United Kingdom
536365,85123A,FIXTURE ITEM,6,2010-12-01T08:26:00.000Z,2.55,1000141,United Kingdom
536365,85123A,FIXTURE ITEM,6,2010-12-01T08:26:00.000Z,2.55,1000142,United Kingdom
536365,85123A,FIXTURE ITEM,6,2010-12-01T08:26:00.000Z,2.55,1000143,United Kingdom
536365,85123A,FIXTURE ITEM,6,2010-12-01T08:26:00.000Z,2.55,1000144,United Kingdom
536365,85123A,FIXTURE ITEM,6,2010-12-01T08:26:00.000Z,2.55,1000145,United Kingdom
536365,85123A,FIXTURE ITEM,6,2010-12-01T08:26:00.000Z,2.55,1000146,United Kingdom
536365,85123A,FIXTURE ITEM,6,2010-12-01T08:26:00.000Z,2.55,1000147,United Kingdom
536365,85123A,FIXTURE ITEM,6,2010-12-01T08:26:00.000Z,2.55,1000148,United Kingdom
536365,85123A,FIXTURE ITEM,6,2010-12-01T08:26:00.000Z,2.55,1000149,United Kingdom
536365,85123A,FIXTURE ITEM,6,2010-12-01T08:26:00.000Z,2.55,1000150,United Kingdom
536365,85123A,FIXTURE ITEM,6,2010-12-01T08:26:00.000Z,2.55,1000151,United Kingdom
536365,85123A,FIXTURE ITEM,6,2010-12-01T08:26:00.000Z,2.55,1000152,United Kingdom
536365,85123A,FIXTURE ITEM,6,2010-12-01T08:26:00.000Z,2.55,1000153,United Kingdom
536365,85123A,FIXTURE ITEM,6,2010-12-01T08:26:00.000Z,2.55,1000154,United Kingdom
536365,85123A,FIXTURE ITEM,6,2010-12-01T08:26:00.000Z,2.55,1000155,United Kingdom
536365,85123A,FIXTURE ITEM,6,2010-12-01T08:26:00.000Z,2.55,1000156,United Kingdom
536365,85123A,FIXTURE ITEM,6,2010-12-01T08:26:00.000Z,2.55,1000157,United Kingdom
536365,85123A,FIXTURE ITEM,6,2010-12-01T08:26:00.000Z,2.55,1000158,United Kingdom
536365,85123A,FIXTURE ITEM,6,2010-12-01T08:26:00.000Z,2.55,1000159,United Kingdom
536365,85123A,FIXTURE ITEM,6,2010-12-01T08:26:00.000Z,2.55,1000160,United Kingdom
536365,85123A,FIXTURE ITEM,6,2010-12-01T08:26:00.000Z,2.55,1000161,United Kingdom
536365,85123A,FIXTURE ITEM,6,2010-12-01T08:26:00.000Z,2.55,1000162,United Kingdom
536365,85123A,FIXTURE ITEM,6,2010-12-01T08:26:00.000Z,2.55,1000163,United Kingdom
536365,85123A,FIXTURE ITEM,6,2010-12-01T08:26:00.000Z,2.55,1000164,United Kingdom
536365,85123A,FIXTURE ITEM,6,2010-12-01T08:26:00.000Z,2.55,1000165,United Kingdom
536365,85123A,FIXTURE ITEM,6,2010-12-01T08:26:00.000Z,2.55,1000166,United Kingdom
536365,85123A,FIXTURE ITEM,6,2010-12-01T08:26:00.000Z,2.55,1000167,United Kingdom
536365,85123A,FIXTURE ITEM,6,2010-12-01T08:26:00.000Z,2.55,1000168,United Kingdom
536365,85123A,FIXTURE ITEM,6,2010-12-01T08:26:00.000Z,2.55,1000169,United Kingdom
536365,85123A,FIXTURE ITEM,6,2010-12-01T08:26:00.000Z,2.55,1000170,United Kingdom
536365,85123A,FIXTURE ITEM,6,2010-12-01T08:26:00.000Z,2.55,1000171,United Kingdom
536365,85123A,FIXTURE ITEM,6,2010-12-01T08:26:00.000Z,2.55,1000172,United Kingdom
536365,85123A,FIXTURE ITEM,6,2010-12-01T08:26:00.000Z,2.55,1000173,United Kingdom
536365,85123A,FIXTURE ITEM,6,2010-12-01T08:26:00.000Z,2.55,1000174,United Kingdom
536365,85123A,FIXTURE ITEM,6,2010-12-01T08:26:00.000Z,2.55,1000175,United Kingdom
536365,85123A,FIXTURE ITEM,6,2010-12-01T08:26:00.000Z,2.55,1000176,United Kingdom
536365,85123A,FIXTURE ITEM,6,2010-12-01T08:26:00.000Z,2.55,1000177,United Kingdom
536365,85123A,FIXTURE ITEM,6,2010-12-01T08:26:00.000Z,2.55,1000178,United Kingdom
536365,85123A,FIXTURE ITEM,6,2010-12-01T08:26:00.000Z,2.55,1000179,United Kingdom
536365,85123A,FIXTURE ITEM,6,2010-12-01T08:26:00.000Z,2.55,1000180,United Kingdom
536365,85123A,FIXTURE ITEM,6,2010-12-01T08:26:00.000Z,2.55,1000181,United Kingdom
536365,85123A,FIXTURE ITEM,6,2010-12-01T08:26:00.000Z,2.55,1000182,United Kingdom
536365,85123A,FIXTURE ITEM,6,2010-12-01T08:26:00.000Z,2.55,1000183,United Kingdom
536365,85123A,FIXTURE ITEM,6,2010-12-01T08:26:00.000Z,2.55,1000184,United Kingdom
536365,85123A,FIXTURE ITEM,6,2010-12-01T08:26:00.000Z,2.55,1000185,United Kingdom
536365,85123A,FIXTURE ITEM,6,2010-12-01T08:26:00.000Z,2.55,1000186,United Kingdom
536365,85123A,FIXTURE ITEM,6,2010-12-01T08:26:00.000Z,2.55,1000187,United Kingdom
536365,85123A,FIXTURE ITEM,6,2010-12-01T08:26:00.000Z,2.55,1000188,United Kingdom
536365,85123A,FIXTURE ITEM,6,2010-12-01T08:26:00.000Z,2.55,1000189,United Kingdom
536365,85123A,FIXTURE ITEM,6,2010-12-01T08:26:00.000Z,2.55,1000190,United Kingdom
536365,85123A,FIXTURE ITEM,6,2010-12-01T08:26:00.000Z,2.55,1000191,United Kingdom
536365,85123A,FIXTURE ITEM,6,2010-12-01T08:26:00.000Z,2.55,1000192,United Kingdom
536365,85123A,FIXTURE ITEM,6,2010-12-01T08:26:00.000Z,2.55,1000193,United Kingdom
536365,85123A,FIXTURE ITEM,6,2010-12-01T08:26:00.000Z,2.55,1000194,United Kingdom
536365,85123A,FIXTURE ITEM,6,2010-12-01T08:26:00.000Z,2.55,1000195,United Kingdom
536365,85123A,FIXTURE ITEM,6,2010-12-01T08:26:00.000Z,2.55,1000196,United Kingdom
536365,85123A,FIXTURE ITEM,6,2010-12-01T08:26:00.000Z,2.55,1000197,United Kingdom
536365,85123A,FIXTURE ITEM,6,2010-12-01T08:26:00.000Z,2.55,1000198,United Kingdom
536365,85123A,FIXTURE ITEM,6,2010-12-01T08:26:00.000Z,2.55,1000199,United Kingdom
536365,85123A,FIXTURE ITEM,6,2010-12-01T08:26:00.000Z,2.55,1000200,United Kingdom
536365,85123A,FIXTURE ITEM,6,2010-12-01T08:26:00.000Z,2.55,1000201,United Kingdom
536365,85123A,FIXTURE ITEM,6,2010-12-01T08:26:00.000Z,2.55,1000202,United Kingdom
536365,85123A,FIXTURE ITEM,6,2010-12-01T08:26:00.000Z,2.55,1000203,United Kingdom
536365,85123A,FIXTURE ITEM,6,2010-12-01T08:26:00.000Z,2.55,1000204,United Kingdom
536365,85123A,FIXTURE ITEM,6,2010-12-01T08:26:00.000Z,2.55,1000205,United Kingdom
536365,85123A,FIXTURE ITEM,6,2010-12-01T08:26:00.000Z,2.55,1000206,United Kingdom
536365,85123A,FIXTURE ITEM,6,2010-12-01T08:26:00.000Z,2.55,1000207,United Kingdom
536365,85123A,FIXTURE ITEM,6,2010-12-01T08:26:00.000Z,2.55,1000208,United Kingdom
536365,85123A,FIXTURE ITEM,6,2010-12-01T08:26:00.000Z,2.55,1000209,United Kingdom
536365,85123A,FIXTURE ITEM,6,2010-12-01T08:26:00.000Z,2.55,1000210,United Kingdom
536365,85123A,FIXTURE ITEM,6,2010-12-01T08:26:00.000Z,2.55,1000211,United Kingdom
536365,85123A,FIXTURE ITEM,6,2010-12-01T08:26:00.000Z,2.55,1000212,United Kingdom
536365,85123A,FIXTURE ITEM,6,2010-12-01T08:26:00.000Z,2.55,1000213,United Kingdom
536365,85123A,FIXTURE ITEM,6,2010-12-01T08:26:00.000Z,2.55,1000214,United Kingdom
536365,85123A,FIXTURE ITEM,6,2010-12-01T08:26:00.000Z,2.55,1000215,United Kingdom
536365,85123A,FIXTURE ITEM,6,2010-12-01T08:26:00.000Z,2.55,1000216,United Kingdom
536365,85123A,FIXTURE ITEM,6,2010-12-01T08:26:00.000Z,2.55,1000217,United Kingdom
536365,85123A,FIXTURE ITEM,6,2010-12-01T08:26:00.000Z,2.55,1000218,United Kingdom
536365,85123A,FIXTURE ITEM,6,2010-12-01T08:26:00.000Z,2.55,1000219,United Kingdom
536365,85123A,FIXTURE ITEM,6,2010-12-01T08:26:00.000Z,2.55,1000220,United Kingdom
536365,85123A,FIXTURE ITEM,6,2010-12-01T08:26:00.000Z,2.55,1000221,United Kingdom
536365,85123A,FIXTURE ITEM,6,2010-12-01T08:26:00.000Z,2.55,1000222,United Kingdom
536365,85123A,FIXTURE ITEM,6,2010-12-01T08:26:00.000Z,2.55,1000223,United Kingdom
536365,85123A,FIXTURE ITEM,6,2010-12-01T08:26:00.000Z,2.55,1000224,United Kingdom
536365,85123A,FIXTURE ITEM,6,2010-12-01T08:26:00.000Z,2.55,1000225,United Kingdom
536365,85123A,FIXTURE ITEM,6,2010-12-01T08:26:00.000Z,2.55,1000226,United Kingdom
536365,85123A,FIXTURE ITEM,6,2010-12-01T08:26:00.000Z,2.55,1000227,United Kingdom
536365,85123A,FIXTURE ITEM,6,2010-12-01T08:26:00.000Z,2.55,1000228,United Kingdom
536365,85123A,FIXTURE ITEM,6,2010-12-01T08:26:00.000Z,2.55,1000229,United Kingdom
536365,85123A,FIXTURE ITEM,6,2010-12-01T08:26:00.000Z,2.55,1000230,United Kingdom
536365,85123A,FIXTURE ITEM,6,2010-12-01T08:26:00.000Z,2.55,1000231,United Kingdom
536365,85123A,FIXTURE ITEM,6,2010-12-01T08:26:00.000Z,2.55,1000232,United Kingdom
536365,85123A,FIXTURE ITEM,6,2010-12-01T08:26:00.000Z,2.55,1000233,United Kingdom
536365,85123A,FIXTURE ITEM,6,2010-12-01T08:26:00.000Z,2.55,1000234,United Kingdom
536365,85123A,FIXTURE ITEM,6,2010-12-01T08:26:00.000Z,2.55,1000235,United Kingdom
536365,85123A,FIXTURE ITEM,6,2010-12-01T08:26:00.000Z,2.55,1000236,United Kingdom
536365,85123A,FIXTURE ITEM,6,2010-12-01T08:26:00.000Z,2.55,1000237,United Kingdom
536365,85123A,FIXTURE ITEM,6,2010-12-01T08:26:00.000Z,2.55,1000238,United Kingdom
536365,85123A,FIXTURE ITEM,6,2010-12-01T08:26:00.000Z,2.55,1000239,United Kingdom
536365,85123A,FIXTURE ITEM,6,2010-12-01T08:26:00.000Z,2.55,1000240,United Kingdom
536365,85123A,FIXTURE ITEM,6,2010-12-01T08:26:00.000Z,2.55,1000241,United Kingdom
536365,85123A,FIXTURE ITEM,6,2010-12-01T08:26:00.000Z,2.55,1000242,United Kingdom
536365,85123A,FIXTURE ITEM,6,2010-12-01T08:26:00.000Z,2.55,1000243,United Kingdom
536365,85123A,FIXTURE ITEM,6,2010-12-01T08:26:00.000Z,2.55,1000244,United Kingdom
536365,85123A,FIXTURE ITEM,6,2010-12-01T08:26:00.000Z,2.55,1000245,United Kingdom
536365,85123A,FIXTURE ITEM,6,2010-12-01T08:26:00.000Z,2.55,1000246,United Kingdom
536365,85123A,FIXTURE ITEM,6,2010-12-01T08:26:00.000Z,2.55,1000247,United Kingdom
536365,85123A,FIXTURE ITEM,6,2010-12-01T08:26:00.000Z,2.55,1000248,United Kingdom
536365,85123A,FIXTURE ITEM,6,2010-12-01T08:26:00.000Z,2.55,1000249,United Kingdom
536365,85123A,FIXTURE ITEM,6,2010-12-01T08:26:00.000Z,2.55,1000250,United Kingdom
536365,85123A,FIXTURE ITEM,6,2010-12-01T08:26:00.000Z,2.55,1000251,United Kingdom
536365,85123A,FIXTURE ITEM,6,2010-12-01T08:26:00.000Z,2.55,1000252,United Kingdom
536365,85123A,FIXTURE ITEM,6,2010-12-01T08:26:00.000Z,2.55,1000253,United Kingdom
536365,85123A,FIXTURE ITEM,6,2010-12-01T08:26:00.000Z,2.55,1000254,United Kingdom
536365,85123A,FIXTURE ITEM,6,2010-12-01T08:26:00.000Z,2.55,1000255,United Kingdom
536365,85123A,FIXTURE ITEM,6,2010-12-01T08:26:00.000Z,2.55,1000256,United Kingdom
536365,85123A,FIXTURE ITEM,6,2010-12-01T08:26:00.000Z,2.55,1000257,United Kingdom
536365,85123A,FIXTURE ITEM,6,2010-12-01T08:26:00.000Z,2.55,1000258,United Kingdom
536365,85123A,FIXTURE ITEM,6,2010-12-01T08:26:00.000Z,2.55,1000259,United Kingdom
536365,85123A,FIXTURE ITEM,6,2010-12-01T08:26:00.000Z,2.55,1000260,United Kingdom
536365,85123A,FIXTURE ITEM,6,2010-12-01T08:26:00.000Z,2.55,1000261,United Kingdom
536365,85123A,FIXTURE ITEM,6,2010-12-01T08:26:00.000Z,2.55,1000262,United Kingdom
536365,85123A,FIXTURE ITEM,6,2010-12-01T08:26:00.000Z,2.55,1000263,United Kingdom
536365,85123A,FIXTURE ITEM,6,2010-12-01T08:26:00.000Z,2.55,1000264,United Kingdom
536365,85123A,FIXTURE ITEM,6,2010-12-01T08:26:00.000Z,2.55,1000265,United Kingdom
536365,85123A,FIXTURE ITEM,6,2010-12-01T08:26:00.000Z,2.55,1000266,United Kingdom
536365,85123A,FIXTURE ITEM,6,2010-12-01T08:26:00.000Z,2.55,1000267,United Kingdom
536365,85123A,FIXTURE ITEM,6,2010-12-01T08:26:00.000Z,2.55,1000268,United Kingdom
536365,85123A,FIXTURE ITEM,6,2010-12-01T08:26:00.000Z,2.55,1000269,United Kingdom
536365,85123A,FIXTURE ITEM,6,2010-12-01T08:26:00.000Z,2.55,1000270,United Kingdom
536365,85123A,FIXTURE ITEM,6,2010-12-01T08:26:00.000Z,2.55,1000271,United Kingdom
536365,85123A,FIXTURE ITEM,6,2010-12-01T08:26:00.000Z,2.55,1000272,United Kingdom
536365,85123A,FIXTURE ITEM,6,2010-12-01T08:26:00.000Z,2.55,1000273,United Kingdom
536365,85123A,FIXTURE ITEM,6,2010-12-01T08:26:00.000Z,2.55,1000274,United Kingdom
536365,85123A,FIXTURE ITEM,6,2010-12-01T08:26:00.000Z,2.55,1000275,United Kingdom
536365,85123A,FIXTURE ITEM,6,2010-12-01T08:26:00.000Z,2.55,1000276,United Kingdom
536365,85123A,FIXTURE ITEM,6,2010-12-01T08:26:00.000Z,2.55,1000277,United Kingdom
536365,85123A,FIXTURE ITEM,6,2010-12-01T08:26:00.000Z,2.55,1000278,United Kingdom
536365,85123A,FIXTURE ITEM,6,2010-12-01T08:26:00.000Z,2.55,1000279,United Kingdom
536365,85123A,FIXTURE ITEM,6,2010-12-01T08:26:00.000Z,2.55,1000280,United Kingdom
536365,85123A,FIXTURE ITEM,6,2010-12-01T08:26:00.000Z,2.55,1000281,United Kingdom
536365,85123A,FIXTURE ITEM,6,2010-12-01T08:26:00.000Z,2.55,1000282,United Kingdom
536365,85123A,FIXTURE ITEM,6,2010-12-01T08:26:00.000Z,2.55,1000283,United Kingdom
536365,85123A,FIXTURE ITEM,6,2010-12-01T08:26:00.000Z,2.55,1000284,United Kingdom
536365,85123A,FIXTURE ITEM,6,2010-12-01T08:26:00.000Z,2.55,1000285,United Kingdom
536365,85123A,FIXTURE ITEM,6,2010-12-01T08:26:00.000Z,2.55,1000286,United Kingdom
536365,85123A,FIXTURE ITEM,6,2010-12-01T08:26:00.000Z,2.55,1000287,United Kingdom
536365,85123A,FIXTURE ITEM,6,2010-12-01T08:26:00.000Z,2.55,1000288,United Kingdom
536365,85123A,FIXTURE ITEM,6,2010-12-01T08:26:00.000Z,2.55,1000289,United Kingdom
536365,85123A,FIXTURE ITEM,6,2010-12-01T08:26:00.000Z,2.55,1000290,United Kingdom
536365,85123A,FIXTURE ITEM,6,2010-12-01T08:26:00.000Z,2.55,1000291,United Kingdom
536365,85123A,FIXTURE ITEM,6,2010-12-01T08:26:00.000Z,2.55,1000292,United Kingdom
536365,85123A,FIXTURE ITEM,6,2010-12-01T08:26:00.000Z,2.55,1000293,United Kingdom
536365,85123A,FIXTURE ITEM,6,2010-12-01T08:26:00.000Z,2.55,1000294,United Kingdom
536365,85123A,FIXTURE ITEM,6,2010-12-01T08:26:00.000Z,2.55,1000295,United Kingdom
536365,85123A,FIXTURE ITEM,6,2010-12-01T08:26:00.000Z,2.55,1000296,United Kingdom
536365,85123A,FIXTURE ITEM,6,2010-12-01T08:26:00.000Z,2.55,1000297,United Kingdom
536365,85123A,FIXTURE ITEM,6,2010-12-01T08:26:00.000Z,2.55,1000298,United Kingdom
536365,85123A,FIXTURE ITEM,6,2010-12-01T08:26:00.000Z,2.55,1000299,United Kingdom
536365,85123A,FIXTURE ITEM,6,2010-12-01T08:26:00.000Z,2.55,1000300,United Kingdom
536365,85123A,FIXTURE ITEM,6,2010-12-01T08:26:00.000Z,2.55,1000301,United Kingdom
536365,85123A,FIXTURE ITEM,6,2010-12-01T08:26:00.000Z,2.55,1000302,United Kingdom
536365,85123A,FIXTURE ITEM,6,2010-12-01T08:26:00.000Z,2.55,1000303,United Kingdom
536365,85123A,FIXTURE ITEM,6,2010-12-01T08:26:00.000Z,2.55,1000304,United Kingdom
536365,85123A,FIXTURE ITEM,6,2010-12-01T08:26:00.000Z,2.55,1000305,United Kingdom
536365,85123A,FIXTURE ITEM,6,2010-12-01T08:26:00.000Z,2.55,1000306,United Kingdom
536365,85123A,FIXTURE ITEM,6,2010-12-01T08:26:00.000Z,2.55,1000307,United Kingdom
536365,85123A,FIXTURE ITEM,6,2010-12-01T08:26:00.000Z,2.55,1000308,United Kingdom
536365,85123A,FIXTURE ITEM,6,2010-12-01T08:26:00.000Z,2.55,1000309,United Kingdom
536365,85123A,FIXTURE ITEM,6,2010-12-01T08:26:00.000Z,2.55,1000310,United Kingdom
536365,85123A,FIXTURE ITEM,6,2010-12-01T08:26:00.000Z,2.55,1000311,United Kingdom
536365,85123A,FIXTURE ITEM,6,2010-12-01T08:26:00.000Z,2.55,1000312,United Kingdom
536365,85123A,FIXTURE ITEM,6,2010-12-01T08:26:00.000Z,2.55,1000313,United Kingdom
536365,85123A,FIXTURE ITEM,6,2010-12-01T08:26:00.000Z,2.55,1000314,United Kingdom
536365,85123A,FIXTURE ITEM,6,2010-12-01T08:26:00.000Z,2.55,1000315,United Kingdom
536365,85123A,FIXTURE ITEM,6,2010-12-01T08:26:00.000Z,2.55,1000316,United Kingdom
536365,85123A,FIXTURE ITEM,6,2010-12-01T08:26:00.000Z,2.55,1000317,United Kingdom
536365,85123A,FIXTURE ITEM,6,2010-12-01T08:26:00.000Z,2.55,1000318,United Kingdom
536365,85123A,FIXTURE ITEM,6,2010-12-01T08:26:00.000Z,2.55,1000319,United Kingdom
536365,85123A,FIXTURE ITEM,6,2010-12-01T08:26:00.000Z,2.55,1000320,United Kingdom
536365,85123A,FIXTURE ITEM,6,2010-12-01T08:26:00.000Z,2.55,1000321,United Kingdom
536365,85123A,FIXTURE ITEM,6,2010-12-01T08:26:00.000Z,2.55,1000322,United Kingdom
536365,85123A,FIXTURE ITEM,6,2010-12-01T08:26:00.000Z,2.55,1000323,United Kingdom
536365,85123A,FIXTURE ITEM,6,2010-12-01T08:26:00.000Z,2.55,1000324,United Kingdom
536365,85123A,FIXTURE ITEM,6,2010-12-01T08:26:00.000Z,2.55,1000325,United Kingdom
536365,85123A,FIXTURE ITEM,6,2010-12-01T08:26:00.000Z,2.55,1000326,United Kingdom
536365,85123A,FIXTURE ITEM,6,2010-12-01T08:26:00.000Z,2.55,1000327,United Kingdom
536365,85123A,FIXTURE ITEM,6,2010-12-01T08:26:00.000Z,2.55,1000328,United Kingdom
536365,85123A,FIXTURE ITEM,6,2010-12-01T08:26:00.000Z,2.55,1000329,United Kingdom
536365,85123A,FIXTURE ITEM,6,2010-12-01T08:26:00.000Z,2.55,1000330,United Kingdom
536365,85123A,FIXTURE ITEM,6,2010-12-01T08:26:00.000Z,2.55,1000331,United Kingdom
536365,85123A,FIXTURE ITEM,6,2010-12-01T08:26:00.000Z,2.55,1000332,United Kingdom
536365,85123A,FIXTURE ITEM,6,2010-12-01T08:26:00.000Z,2.55,1000333,United Kingdom
536365,85123A,FIXTURE ITEM,6,2010-12-01T08:26:00.000Z,2.55,1000334,United Kingdom
536365,85123A,FIXTURE ITEM,6,2010-12-01T08:26:00.000Z,2.55,1000335,United Kingdom
536365,85123A,FIXTURE ITEM,6,2010-12-01T08:26:00.000Z,2.55,1000336,United Kingdom
536365,85123A,FIXTURE ITEM,6,2010-12-01T08:26:00.000Z,2.55,1000337,United Kingdom
536365,85123A,FIXTURE ITEM,6,2010-12-01T08:26:00.000Z,2.55,1000338,United Kingdom
536365,85123A,FIXTURE ITEM,6,2010-12-01T08:26:00.000Z,2.55,1000339,United Kingdom
536365,85123A,FIXTURE ITEM,6,2010-12-01T08:26:00.000Z,2.55,1000340,United Kingdom
536365,85123A,FIXTURE ITEM,6,2010-12-01T08:26:00.000Z,2.55,1000341,United Kingdom
536365,85123A,FIXTURE ITEM,6,2010-12-01T08:26:00.000Z,2.55,1000342,United Kingdom
536365,85123A,FIXTURE ITEM,6,2010-12-01T08:26:00.000Z,2.55,1000343,United Kingdom
536365,85123A,FIXTURE ITEM,6,2010-12-01T08:26:00.000Z,2.55,1000344,United Kingdom
536365,85123A,FIXTURE ITEM,6,2010-12-01T08:26:00.000Z,2.55,1000345,United Kingdom
536365,85123A,FIXTURE ITEM,6,2010-12-01T08:26:00.000Z,2.55,1000346,United Kingdom
536365,85123A,FIXTURE ITEM,6,2010-12-01T08:26:00.000Z,2.55,1000347,United Kingdom
536365,85123A,FIXTURE ITEM,6,2010-12-01T08:26:00.000Z,2.55,1000348,United Kingdom
536365,85123A,FIXTURE ITEM,6,2010-12-01T08:26:00.000Z,2.55,1000349,United Kingdom
536365,85123A,FIXTURE ITEM,6,2010-12-01T08:26:00.000Z,2.55,1000350,United Kingdom
536365,85123A,FIXTURE ITEM,6,2010-12-01T08:26:00.000Z,2.55,1000351,United Kingdom
536365,85123A,FIXTURE ITEM,6,2010-12-01T08:26:00.000Z,2.55,1000352,United Kingdom
536365,85123A,FIXTURE ITEM,6,2010-12-01T08:26:00.000Z,2.55,1000353,United Kingdom
536365,85123A,FIXTURE ITEM,6,2010-12-01T08:26:00.000Z,2.55,1000354,United Kingdom
536365,85123A,FIXTURE ITEM,6,2010-12-01T08:26:00.000Z,2.55,1000355,United Kingdom
536365,85123A,FIXTURE ITEM,6,2010-12-01T08:26:00.000Z,2.55,1000356,United Kingdom
536365,85123A,FIXTURE ITEM,6,2010-12-01T08:26:00.000Z,2.55,1000357,United Kingdom
536365,85123A,FIXTURE ITEM,6,2010-12-01T08:26:00.000Z,2.55,1000358,United Kingdom
536365,85123A,FIXTURE ITEM,6,2010-12-01T08:26:00.000Z,2.55,1000359,United Kingdom
536365,85123A,FIXTURE ITEM,6,2010-12-01T08:26:00.000Z,2.55,1000360,United Kingdom
536365,85123A,FIXTURE ITEM,6,2010-12-01T08:26:00.000Z,2.55,1000361,United Kingdom
536365,85123A,FIXTURE ITEM,6,2010-12-01T08:26:00.000Z,2.55,1000362,United Kingdom
536365,85123A,FIXTURE ITEM,6,2010-12-01T08:26:00.000Z,2.55,1000363,United Kingdom
536365,85123A,FIXTURE ITEM,6,2010-12-01T08:26:00.000Z,2.55,1000364,United Kingdom
536365,85123A,FIXTURE ITEM,6,2010-12-01T08:26:00.000Z,2.55,1000365,United Kingdom
536365,85123A,FIXTURE ITEM,6,2010-12-01T08:26:00.000Z,2.55,1000366,United Kingdom
536365,85123A,FIXTURE ITEM,6,2010-12-01T08:26:00.000Z,2.55,1000367,United Kingdom
536365,85123A,FIXTURE ITEM,6,2010-12-01T08:26:00.000Z,2.55,1000368,United Kingdom
536365,85123A,FIXTURE ITEM,6,2010-12-01T08:26:00.000Z,2.55,1000369,United Kingdom
536365,85123A,FIXTURE ITEM,6,2010-12-01T08:26:00.000Z,2.55,1000370,United Kingdom
536365,85123A,FIXTURE ITEM,6,2010-12-01T08:26:00.000Z,2.55,1000371,United Kingdom
536365,85123A,FIXTURE ITEM,6,2010-12-01T08:26:00.000Z,2.55,1000372,United Kingdom
536365,85123A,FIXTURE ITEM,6,2010-12-01T08:26:00.000Z,2.55,1000373,United Kingdom
536365,85123A,FIXTURE ITEM,6,2010-12-01T08:26:00.000Z,2.55,1000374,United Kingdom
536365,85123A,FIXTURE ITEM,6,2010-12-01T08:26:00.000Z,2.55,1000375,United Kingdom
536365,85123A,FIXTURE ITEM,6,2010-12-01T08:26:00.000Z,2.55,1000376,United Kingdom
536365,85123A,FIXTURE ITEM,6,2010-12-01T08:26:00.000Z,2.55,1000377,United Kingdom
536365,85123A,FIXTURE ITEM,6,2010-12-01T08:26:00.000Z,2.55,1000378,United Kingdom
536365,85123A,FIXTURE ITEM,6,2010-12-01T08:26:00.000Z,2.55,1000379,United Kingdom
536365,85123A,FIXTURE ITEM,6,2010-12-01T08:26:00.000Z,2.55,1000380,United Kingdom
536365,85123A,FIXTURE ITEM,6,2010-12-01T08:26:00.000Z,2.55,1000381,United Kingdom
536365,85123A,FIXTURE ITEM,6,2010-12-01T08:26:00.000Z,2.55,1000382,United Kingdom
536365,85123A,FIXTURE ITEM,6,2010-12-01T08:26:00.000Z,2.55,1000383,United Kingdom
536365,85123A,FIXTURE ITEM,6,2010-12-01T08:26:00.000Z,2.55,1000384,United Kingdom
536365,85123A,FIXTURE ITEM,6,2010-12-01T08:26:00.000Z,2.55,1000385,United Kingdom
536365,85123A,FIXTURE ITEM,6,2010-12-01T08:26:00.000Z,2.55,1000386,United Kingdom
536365,85123A,FIXTURE ITEM,6,2010-12-01T08:26:00.000Z,2.55,1000387,United Kingdom
536365,85123A,FIXTURE ITEM,6,2010-12-01T08:26:00.000Z,2.55,1000388,United Kingdom
536365,85123A,FIXTURE ITEM,6,2010-12-01T08:26:00.000Z,2.55,1000389,United Kingdom
536365,85123A,FIXTURE ITEM,6,2010-12-01T08:26:00.000Z,2.55,1000390,United Kingdom
536365,85123A,FIXTURE ITEM,6,2010-12-01T08:26:00.000Z,2.55,1000391,United Kingdom
536365,85123A,FIXTURE ITEM,6,2010-12-01T08:26:00.000Z,2.55,1000392,United Kingdom
536365,85123A,FIXTURE ITEM,6,2010-12-01T08:26:00.000Z,2.55,1000393,United Kingdom
536365,85123A,FIXTURE ITEM,6,2010-12-01T08:26:00.000Z,2.55,1000394,United Kingdom
536365,85123A,FIXTURE ITEM,6,2010-12-01T08:26:00.000Z,2.55,1000395,United Kingdom
536365,85123A,FIXTURE ITEM,6,2010-12-01T08:26:00.000Z,2.55,1000396,United Kingdom
536365,85123A,FIXTURE ITEM,6,2010-12-01T08:26:00.000Z,2.55,1000397,United Kingdom
536365,85123A,FIXTURE ITEM,6,2010-12-01T08:26:00.000Z,2.55,1000398,United Kingdom
536365,85123A,FIXTURE ITEM,6,2010-12-01T08:26:00.000Z,2.55,1000399,United Kingdom
536365,85123A,FIXTURE ITEM,6,2010-12-01T08:26:00.000Z,2.55,1000400,United Kingdom
536365,85123A,FIXTURE ITEM,6,2010-12-01T08:26:00.000Z,2.55,1000401,United Kingdom
536365,85123A,FIXTURE ITEM,6,2010-12-01T08:26:00.000Z,2.55,1000402,United Kingdom
536365,85123A,FIXTURE ITEM,6,2010-12-01T08:26:00.000Z,2.55,1000403,United Kingdom
536365,85123A,FIXTURE ITEM,6,2010-12-01T08:26:00.000Z,2.55,1000404,United Kingdom
536365,85123A,FIXTURE ITEM,6,2010-12-01T08:26:00.000Z,2.55,1000405,United Kingdom
536365,85123A,FIXTURE ITEM,6,2010-12-01T08:26:00.000Z,2.55,1000406,United Kingdom
536365,85123A,FIXTURE ITEM,6,2010-12-01T08:26:00.000Z,2.55,1000407,United Kingdom
536365,85123A,FIXTURE ITEM,6,2010-12-01T08:26:00.000Z,2.55,1000408,United Kingdom
536365,85123A,FIXTURE ITEM,6,2010-12-01T08:26:00.000Z,2.55,1000409,United Kingdom
536365,85123A,FIXTURE ITEM,6,2010-12-01T08:26:00.000Z,2.55,1000410,United Kingdom
536365,85123A,FIXTURE ITEM,6,2010-12-01T08:26:00.000Z,2.55,1000411,United Kingdom
536365,85123A,FIXTURE ITEM,6,2010-12-01T08:26:00.000Z,2.55,1000412,United Kingdom
536365,85123A,FIXTURE ITEM,6,2010-12-01T08:26:00.000Z,2.55,1000413,United Kingdom
536365,85123A,FIXTURE ITEM,6,2010-12-01T08:26:00.000Z,2.55,1000414,United Kingdom
536365,85123A,FIXTURE ITEM,6,2010-12-01T08:26:00.000Z,2.55,1000415,United Kingdom
536365,85123A,FIXTURE ITEM,6,2010-12-01T08:26:00.000Z,2.55,1000416,United Kingdom
536365,85123A,FIXTURE ITEM,6,2010-12-01T08:26:00.000Z,2.55,1000417,United Kingdom
536365,85123A,FIXTURE ITEM,6,2010-12-01T08:26:00.000Z,2.55,1000418,United Kingdom
536365,85123A,FIXTURE ITEM,6,2010-12-01T08:26:00.000Z,2.55,1000419,United Kingdom
536365,85123A,FIXTURE ITEM,6,2010-12-01T08:26:00.000Z,2.55,1000420,United Kingdom
536365,85123A,FIXTURE ITEM,6,2010-12-01T08:26:00.000Z,2.55,1000421,United Kingdom
536365,85123A,FIXTURE ITEM,6,2010-12-01T08:26:00.000Z,2.55,1000422,United Kingdom
536365,85123A,FIXTURE ITEM,6,2010-12-01T08:26:00.000Z,2.55,1000423,United Kingdom
536365,85123A,FIXTURE ITEM,6,2010-12-01T08:26:00.000Z,2.55,1000424,United Kingdom
536365,85123A,FIXTURE ITEM,6,2010-12-01T08:26:00.000Z,2.55,1000425,United Kingdom
536365,85123A,FIXTURE ITEM,6,2010-12-01T08:26:00.000Z,2.55,1000426,United Kingdom
536365,85123A,FIXTURE ITEM,6,2010-12-01T08:26:00.000Z,2.55,1000427,United Kingdom
536365,85123A,FIXTURE ITEM,6,2010-12-01T08:26:00.000Z,2.55,1000428,United Kingdom
536365,85123A,FIXTURE ITEM,6,2010-12-01T08:26:00.000Z,2.55,1000429,United Kingdom
536365,85123A,FIXTURE ITEM,6,2010-12-01T08:26:00.000Z,2.55,1000430,United Kingdom
536365,85123A,FIXTURE ITEM,6,2010-12-01T08:26:00.000Z,2.55,1000431,United Kingdom
536365,85123A,FIXTURE ITEM,6,2010-12-01T08:26:00.000Z,2.55,1000432,United Kingdom
536365,85123A,FIXTURE ITEM,6,2010-12-01T08:26:00.000Z,2.55,1000433,United Kingdom
536365,85123A,FIXTURE ITEM,6,2010-12-01T08:26:00.000Z,2.55,1000434,United Kingdom
536365,85123A,FIXTURE ITEM,6,2010-12-01T08:26:00.000Z,2.55,1000435,United Kingdom
536365,85123A,FIXTURE ITEM,6,2010-12-01T08:26:00.000Z,2.55,1000436,United Kingdom
536365,85123A,FIXTURE ITEM,6,2010-12-01T08:26:00.000Z,2.55,1000437,United Kingdom
536365,85123A,FIXTURE ITEM,6,2010-12-01T08:26:00.000Z,2.55,1000438,United Kingdom
536365,85123A,FIXTURE ITEM,6,2010-12-01T08:26:00.000Z,2.55,1000439,United Kingdom
536365,85123A,FIXTURE ITEM,6,2010-12-01T08:26:00.000Z,2.55,1000440,United Kingdom
536365,85123A,FIXTURE ITEM,6,2010-12-01T08:26:00.000Z,2.55,1000441,United Kingdom
536365,85123A,FIXTURE ITEM,6,2010-12-01T08:26:00.000Z,2.55,1000442,United Kingdom
536365,85123A,FIXTURE ITEM,6,2010-12-01T08:26:00.000Z,2.55,1000443,United Kingdom
536365,85123A,FIXTURE ITEM,6,2010-12-01T08:26:00.000Z,2.55,1000444,United Kingdom
536365,85123A,FIXTURE ITEM,6,2010-12-01T08:26:00.000Z,2.55,1000445,United Kingdom
536365,85123A,FIXTURE ITEM,6,2010-12-01T08:26:00.000Z,2.55,1000446,United Kingdom
536365,85123A,FIXTURE ITEM,6,2010-12-01T08:26:00.000Z,2.55,1000447,United Kingdom
536365,85123A,FIXTURE ITEM,6,2010-12-01T08:26:00.000Z,2.55,1000448,United Kingdom
536365,85123A,FIXTURE ITEM,6,2010-12-01T08:26:00.000Z,2.55,1000449,United Kingdom
536365,85123A,FIXTURE ITEM,6,2010-12-01T08:26:00.000Z,2.55,1000450,United Kingdom
536365,85123A,FIXTURE ITEM,6,2010-12-01T08:26:00.000Z,2.55,1000451,United Kingdom
536365,85123A,FIXTURE ITEM,6,2010-12-01T08:26:00.000Z,2.55,1000452,United Kingdom
536365,85123A,FIXTURE ITEM,6,2010-12-01T08:26:00.000Z,2.55,1000453,United Kingdom
536365,85123A,FIXTURE ITEM,6,2010-12-01T08:26:00.000Z,2.55,1000454,United Kingdom
536365,85123A,FIXTURE ITEM,6,2010-12-01T08:26:00.000Z,2.55,1000455,United Kingdom
536365,85123A,FIXTURE ITEM,6,2010-12-01T08:26:00.000Z,2.55,1000456,United Kingdom
536365,85123A,FIXTURE ITEM,6,2010-12-01T08:26:00.000Z,2.55,1000457,United Kingdom
536365,85123A,FIXTURE ITEM,6,2010-12-01T08:26:00.000Z,2.55,1000458,United Kingdom
536365,85123A,FIXTURE ITEM,6,2010-12-01T08:26:00.000Z,2.55,1000459,United Kingdom
536365,85123A,FIXTURE ITEM,6,2010-12-01T08:26:00.000Z,2.55,1000460,United Kingdom
536365,85123A,FIXTURE ITEM,6,2010-12-01T08:26:00.000Z,2.55,1000461,United Kingdom
536365,85123A,FIXTURE ITEM,6,2010-12-01T08:26:00.000Z,2.55,1000462,United Kingdom
536365,85123A,FIXTURE ITEM,6,2010-12-01T08:26:00.000Z,2.55,1000463,United Kingdom
536365,85123A,FIXTURE ITEM,6,2010-12-01T08:26:00.000Z,2.55,1000464,United Kingdom
536365,85123A,FIXTURE ITEM,6,2010-12-01T08:26:00.000Z,2.55,1000465,United Kingdom
536365,85123A,FIXTURE ITEM,6,2010-12-01T08:26:00.000Z,2.55,1000466,United Kingdom
536365,85123A,FIXTURE ITEM,6,2010-12-01T08:26:00.000Z,2.55,1000467,United Kingdom
536365,85123A,FIXTURE ITEM,6,2010-12-01T08:26:00.000Z,2.55,1000468,United Kingdom
536365,85123A,FIXTURE ITEM,6,2010-12-01T08:26:00.000Z,2.55,1000469,United Kingdom
536365,85123A,FIXTURE ITEM,6,2010-12-01T08:26:00.000Z,2.55,1000470,United Kingdom
536365,85123A,FIXTURE ITEM,6,2010-12-01T08:26:00.000Z,2.55,1000471,United Kingdom
536365,85123A,FIXTURE ITEM,6,2010-12-01T08:26:00.000Z,2.55,1000472,United Kingdom
536365,85123A,FIXTURE ITEM,6,2010-12-01T08:26:00.000Z,2.55,1000473,United Kingdom
536365,85123A,FIXTURE ITEM,6,2010-12-01T08:26:00.000Z,2.55,1000474,United Kingdom
536365,85123A,FIXTURE ITEM,6,2010-12-01T08:26:00.000Z,2.55,1000475,United Kingdom
536365,85123A,FIXTURE ITEM,6,2010-12-01T08:26:00.000Z,2.55,1000476,United Kingdom
536365,85123A,FIXTURE ITEM,6,2010-12-01T08:26:00.000Z,2.55,1000477,United Kingdom
536365,85123A,FIXTURE ITEM,6,2010-12-01T08:26:00.000Z,2.55,1000478,United Kingdom
536365,85123A,FIXTURE ITEM,6,2010-12-01T08:26:00.000Z,2.55,1000479,United Kingdom
536365,85123A,FIXTURE ITEM,6,2010-12-01T08:26:00.000Z,2.55,1000480,United Kingdom
536365,85123A,FIXTURE ITEM,6,2010-12-01T08:26:00.000Z,2.55,1000481,United Kingdom
536365,85123A,FIXTURE ITEM,6,2010-12-01T08:26:00.000Z,2.55,1000482,United Kingdom
536365,85123A,FIXTURE ITEM,6,2010-12-01T08:26:00.000Z,2.55,1000483,United Kingdom
536365,85123A,FIXTURE ITEM,6,2010-12-01T08:26:00.000Z,2.55,1000484,United Kingdom
536365,85123A,FIXTURE ITEM,6,2010-12-01T08:26:00.000Z,2.55,1000485,United Kingdom
536365,85123A,FIXTURE ITEM,6,2010-12-01T08:26:00.000Z,2.55,1000486,United Kingdom
536365,85123A,FIXTURE ITEM,6,2010-12-01T08:26:00.000Z,2.55,1000487,United Kingdom
536365,85123A,FIXTURE ITEM,6,2010-12-01T08:26:00.000Z,2.55,1000488,United Kingdom
536365,85123A,FIXTURE ITEM,6,2010-12-01T08:26:00.000Z,2.55,1000489,United Kingdom
536365,85123A,FIXTURE ITEM,6,2010-12-01T08:26:00.000Z,2.55,1000490,United Kingdom
536365,85123A,FIXTURE ITEM,6,2010-12-01T08:26:00.000Z,2.55,1000491,United Kingdom
536365,85123A,FIXTURE ITEM,6,2010-12-01T08:26:00.000Z,2.55,1000492,United Kingdom
536365,85123A,FIXTURE ITEM,6,2010-12-01T08:26:00.000Z,2.55,1000493,United Kingdom
536365,85123A,FIXTURE ITEM,6,2010-12-01T08:26:00.000Z,2.55,1000494,United Kingdom
536365,85123A,FIXTURE ITEM,6,2010-12-01T08:26:00.000Z,2.55,1000495,United Kingdom
536365,85123A,FIXTURE ITEM,6,2010-12-01T08:26:00.000Z,2.55,1000496,United Kingdom
536365,85123A,FIXTURE ITEM,6,2010-12-01T08:26:00.000Z,2.55,1000497,United Kingdom
536365,85123A,FIXTURE ITEM,6,2010-12-01T08:26:00.000Z,2.55,1000498,United Kingdom
536365,85123A,FIXTURE ITEM,6,2010-12-01T08:26:00.000Z,2.55,1000499,United Kingdom
536365,85123A,FIXTURE ITEM,6,2010-12-01T08:26:00.000Z,2.55,1000500,United Kingdom
536365,85123A,FIXTURE ITEM,6,2010-12-01T08:26:00.000Z,2.55,1000501,United Kingdom
536365,85123A,FIXTURE ITEM,6,2010-12-01T08:26:00.000Z,2.55,1000502,United Kingdom
536365,85123A,FIXTURE ITEM,6,2010-12-01T08:26:00.000Z,2.55,1000503,United Kingdom
536365,85123A,FIXTURE ITEM,6,2010-12-01T08:26:00.000Z,2.55,1000504,United Kingdom
536365,85123A,FIXTURE ITEM,6,2010-12-01T08:26:00.000Z,2.55,1000505,United Kingdom
536365,85123A,FIXTURE ITEM,6,2010-12-01T08:26:00.000Z,2.55,1000506,United Kingdom
536365,85123A,FIXTURE ITEM,6,2010-12-01T08:26:00.000Z,2.55,1000507,United Kingdom
536365,85123A,FIXTURE ITEM,6,2010-12-01T08:26:00.000Z,2.55,1000508,United Kingdom
536365,85123A,FIXTURE ITEM,6,2010-12-01T08:26:00.000Z,2.55,1000509,United Kingdom
536365,85123A,FIXTURE ITEM,6,2010-12-01T08:26:00.000Z,2.55,1000510,United Kingdom
536365,85123A,FIXTURE ITEM,6,2010-12-01T08:26:00.000Z,2.55,1000511,United Kingdom
536365,85123A,FIXTURE ITEM,6,2010-12-01T08:26:00.000Z,2.55,1000512,United Kingdom
536365,85123A,FIXTURE ITEM,6,2010-12-01T08:26:00.000Z,2.55,1000513,United Kingdom
536365,85123A,FIXTURE ITEM,6,2010-12-01T08:26:00.000Z,2.55,1000514,United Kingdom
536365,85123A,FIXTURE ITEM,6,2010-12-01T08:26:00.000Z,2.55,1000515,United Kingdom
536365,85123A,FIXTURE ITEM,6,2010-12-01T08:26:00.000Z,2.55,1000516,United Kingdom
536365,85123A,FIXTURE ITEM,6,2010-12-01T08:26:00.000Z,2.55,1000517,United Kingdom
536365,85123A,FIXTURE ITEM,6,2010-12-01T08:26:00.000Z,2.55,1000518,United Kingdom
536365,85123A,FIXTURE ITEM,6,2010-12-01T08:26:00.000Z,2.55,1000519,United Kingdom
536365,85123A,FIXTURE ITEM,6,2010-12-01T08:26:00.000Z,2.55,1000520,United Kingdom
536365,85123A,FIXTURE ITEM,6,2010-12-01T08:26:00.000Z,2.55,1000521,United Kingdom
536365,85123A,FIXTURE ITEM,6,2010-12-01T08:26:00.000Z,2.55,1000522,United Kingdom
536365,85123A,FIXTURE ITEM,6,2010-12-01T08:26:00.000Z,2.55,1000523,United Kingdom
536365,85123A,FIXTURE ITEM,6,2010-12-01T08:26:00.000Z,2.55,1000524,United Kingdom
536365,85123A,FIXTURE ITEM,6,2010-12-01T08:26:00.000Z,2.55,1000525,United Kingdom
536365,85123A,FIXTURE ITEM,6,2010-12-01T08:26:00.000Z,2.55,1000526,United Kingdom
536365,85123A,FIXTURE ITEM,6,2010-12-01T08:26:00.000Z,2.55,1000527,United Kingdom
536365,85123A,FIXTURE ITEM,6,2010-12-01T08:26:00.000Z,2.55,1000528,United Kingdom
536365,85123A,FIXTURE ITEM,6,2010-12-01T08:26:00.000Z,2.55,1000529,United Kingdom
536365,85123A,FIXTURE ITEM,6,2010-12-01T08:26:00.000Z,2.55,1000530,United Kingdom
536365,85123A,FIXTURE ITEM,6,2010-12-01T08:26:00.000Z,2.55,1000531,United Kingdom
536365,85123A,FIXTURE ITEM,6,2010-12-01T08:26:00.000Z,2.55,1000532,United Kingdom
536365,85123A,FIXTURE ITEM,6,2010-12-01T08:26:00.000Z,2.55,1000533,United Kingdom
536365,85123A,FIXTURE ITEM,6,2010-12-01T08:26:00.000Z,2.55,1000534,United Kingdom
536365,85123A,FIXTURE ITEM,6,2010-12-01T08:26:00.000Z,2.55,1000535,United Kingdom
536365,85123A,FIXTURE ITEM,6,2010-12-01T08:26:00.000Z,2.55,1000536,United Kingdom
536365,85123A,FIXTURE ITEM,6,2010-12-01T08:26:00.000Z,2.55,1000537,United Kingdom
536365,85123A,FIXTURE ITEM,6,2010-12-01T08:26:00.000Z,2.55,1000538,United Kingdom
536365,85123A,FIXTURE ITEM,6,2010-12-01T08:26:00.000Z,2.55,1000539,United Kingdom
536365,85123A,FIXTURE ITEM,6,2010-12-01T08:26:00.000Z,2.55,1000540,United Kingdom
536365,85123A,FIXTURE ITEM,6,2010-12-01T08:26:00.000Z,2.55,1000541,United Kingdom
536365,85123A,FIXTURE ITEM,6,2010-12-01T08:26:00.000Z,2.55,1000542,United Kingdom
536365,85123A,FIXTURE ITEM,6,2010-12-01T08:26:00.000Z,2.55,1000543,United Kingdom
536365,85123A,FIXTURE ITEM,6,2010-12-01T08:26:00.000Z,2.55,1000544,United Kingdom
536365,85123A,FIXTURE ITEM,6,2010-12-01T08:26:00.000Z,2.55,1000545,United Kingdom
536365,85123A,FIXTURE ITEM,6,2010-12-01T08:26:00.000Z,2.55,1000546,United Kingdom
536365,85123A,FIXTURE ITEM,6,2010-12-01T08:26:00.000Z,2.55,1000547,United Kingdom
536365,85123A,FIXTURE ITEM,6,2010-12-01T08:26:00.000Z,2.55,1000548,United Kingdom
536365,85123A,FIXTURE ITEM,6,2010-12-01T08:26:00.000Z,2.55,1000549,United Kingdom
536365,85123A,FIXTURE ITEM,6,2010-12-01T08:26:00.000Z,2.55,1000550,United Kingdom
536365,85123A,FIXTURE ITEM,6,2010-12-01T08:26:00.000Z,2.55,1000551,United Kingdom
536365,85123A,FIXTURE ITEM,6,2010-12-01T08:26:00.000Z,2.55,1000552,United Kingdom
536365,85123A,FIXTURE ITEM,6,2010-12-01T08:26:00.000Z,2.55,1000553,United Kingdom
536365,85123A,FIXTURE ITEM,6,2010-12-01T08:26:00.000Z,2.55,1000554,United Kingdom
536365,85123A,FIXTURE ITEM,6,2010-12-01T08:26:00.000Z,2.55,1000555,United Kingdom
536365,85123A,FIXTURE ITEM,6,2010-12-01T08:26:00.000Z,2.55,1000556,United Kingdom
536365,85123A,FIXTURE ITEM,6,2010-12-01T08:26:00.000Z,2.55,1000557,United Kingdom
536365,85123A,FIXTURE ITEM,6,2010-12-01T08:26:00.000Z,2.55,1000558,United Kingdom
536365,85123A,FIXTURE ITEM,6,2010-12-01T08:26:00.000Z,2.55,1000559,United Kingdom
536365,85123A,FIXTURE ITEM,6,2010-12-01T08:26:00.000Z,2.55,1000560,United Kingdom
536365,85123A,FIXTURE ITEM,6,2010-12-01T08:26:00.000Z,2.55,1000561,United Kingdom
536365,85123A,FIXTURE ITEM,6,2010-12-01T08:26:00.000Z,2.55,1000562,United Kingdom
536365,85123A,FIXTURE ITEM,6,2010-12-01T08:26:00.000Z,2.55,1000563,United Kingdom
536365,85123A,FIXTURE ITEM,6,2010-12-01T08:26:00.000Z,2.55,1000564,United Kingdom
536365,85123A,FIXTURE ITEM,6,2010-12-01T08:26:00.000Z,2.55,1000565,United Kingdom
536365,85123A,FIXTURE ITEM,6,2010-12-01T08:26:00.000Z,2.55,1000566,United Kingdom
536365,85123A,FIXTURE ITEM,6,2010-12-01T08:26:00.000Z,2.55,1000567,United Kingdom
536365,85123A,FIXTURE ITEM,6,2010-12-01T08:26:00.000Z,2.55,1000568,United Kingdom
536365,85123A,FIXTURE ITEM,6,2010-12-01T08:26:00.000Z,2.55,1000569,United Kingdom
536365,85123A,FIXTURE ITEM,6,2010-12-01T08:26:00.000Z,2.55,1000570,United Kingdom
536365,85123A,FIXTURE ITEM,6,2010-12-01T08:26:00.000Z,2.55,1000571,United Kingdom
536365,85123A,FIXTURE ITEM,6,2010-12-01T08:26:00.000Z,2.55,1000572,United Kingdom
536365,85123A,FIXTURE ITEM,6,2010-12-01T08:26:00.000Z,2.55,1000573,United Kingdom
536365,85123A,FIXTURE ITEM,6,2010-12-01T08:26:00.000Z,2.55,1000574,United Kingdom
536365,85123A,FIXTURE ITEM,6,2010-12-01T08:26:00.000Z,2.55,1000575,United Kingdom
536365,85123A,FIXTURE ITEM,6,2010-12-01T08:26:00.000Z,2.55,1000576,United Kingdom
536365,85123A,FIXTURE ITEM,6,2010-12-01T08:26:00.000Z,2.55,1000577,United Kingdom
536365,85123A,FIXTURE ITEM,6,2010-12-01T08:26:00.000Z,2.55,1000578,United Kingdom
536365,85123A,FIXTURE ITEM,6,2010-12-01T08:26:00.000Z,2.55,1000579,United Kingdom
536365,85123A,FIXTURE ITEM,6,2010-12-01T08:26:00.000Z,2.55,1000580,United Kingdom
536365,85123A,FIXTURE ITEM,6,2010-12-01T08:26:00.000Z,2.55,1000581,United Kingdom
536365,85123A,FIXTURE ITEM,6,2010-12-01T08:26:00.000Z,2.55,1000582,United Kingdom
536365,85123A,FIXTURE ITEM,6,2010-12-01T08:26:00.000Z,2.55,1000583,United Kingdom
536365,85123A,FIXTURE ITEM,6,2010-12-01T08:26:00.000Z,2.55,1000584,United Kingdom
536365,85123A,FIXTURE ITEM,6,2010-12-01T08:26:00.000Z,2.55,1000585,United Kingdom
536365,85123A,FIXTURE ITEM,6,2010-12-01T08:26:00.000Z,2.55,1000586,United Kingdom
536365,85123A,FIXTURE ITEM,6,2010-12-01T08:26:00.000Z,2.55,1000587,United Kingdom
536365,85123A,FIXTURE ITEM,6,2010-12-01T08:26:00.000Z,2.55,1000588,United Kingdom
536365,85123A,FIXTURE ITEM,6,2010-12-01T08:26:00.000Z,2.55,1000589,United Kingdom
536365,85123A,FIXTURE ITEM,6,2010-12-01T08:26:00.000Z,2.55,1000590,United Kingdom
536365,85123A,FIXTURE ITEM,6,2010-12-01T08:26:00.000Z,2.55,1000591,United Kingdom
536365,85123A,FIXTURE ITEM,6,2010-12-01T08:26:00.000Z,2.55,1000592,United Kingdom
536365,85123A,FIXTURE ITEM,6,2010-12-01T08:26:00.000Z,2.55,1000593,United Kingdom
536365,85123A,FIXTURE ITEM,6,2010-12-01T08:26:00.000Z,2.55,1000594,United Kingdom
536365,85123A,FIXTURE ITEM,6,2010-12-01T08:26:00.000Z,2.55,1000595,United Kingdom
536365,85123A,FIXTURE ITEM,6,2010-12-01T08:26:00.000Z,2.55,1000596,United Kingdom
536365,85123A,FIXTURE ITEM,6,2010-12-01T08:26:00.000Z,2.55,1000597,United Kingdom
536365,85123A,FIXTURE ITEM,6,2010-12-01T08:26:00.000Z,2.55,1000598,United Kingdom
536365,85123A,FIXTURE ITEM,6,2010-12-01T08:26:00.000Z,2.55,1000599,United Kingdom
536365,85123A,FIXTURE ITEM,6,2010-12-01T08:26:00.000Z,2.55,1000600,United Kingdom
536365,85123A,FIXTURE ITEM,6,2010-12-01T08:26:00.000Z,2.55,1000601,United Kingdom
536365,85123A,FIXTURE ITEM,6,2010-12-01T08:26:00.000Z,2.55,1000602,United Kingdom
536365,85123A,FIXTURE ITEM,6,2010-12-01T08:26:00.000Z,2.55,1000603,United Kingdom
536365,85123A,FIXTURE ITEM,6,2010-12-01T08:26:00.000Z,2.55,1000604,United Kingdom
536365,85123A,FIXTURE ITEM,6,2010-12-01T08:26:00.000Z,2.55,1000605,United Kingdom
536365,85123A,FIXTURE ITEM,6,2010-12-01T08:26:00.000Z,2.55,1000606,United Kingdom
536365,85123A,FIXTURE ITEM,6,2010-12-01T08:26:00.000Z,2.55,1000607,United Kingdom
536365,85123A,FIXTURE ITEM,6,2010-12-01T08:26:00.000Z,2.55,1000608,United Kingdom
536365,85123A,FIXTURE ITEM,6,2010-12-01T08:26:00.000Z,2.55,1000609,United Kingdom
536365,85123A,FIXTURE ITEM,6,2010-12-01T08:26:00.000Z,2.55,1000610,United Kingdom
536365,85123A,FIXTURE ITEM,6,2010-12-01T08:26:00.000Z,2.55,1000611,United Kingdom
536365,85123A,FIXTURE ITEM,6,2010-12-01T08:26:00.000Z,2.55,1000612,United Kingdom
536365,85123A,FIXTURE ITEM,6,2010-12-01T08:26:00.000Z,2.55,1000613,United Kingdom
536365,85123A,FIXTURE ITEM,6,2010-12-01T08:26:00.000Z,2.55,1000614,United Kingdom
536365,85123A,FIXTURE ITEM,6,2010-12-01T08:26:00.000Z,2.55,1000615,United Kingdom
536365,85123A,FIXTURE ITEM,6,2010-12-01T08:26:00.000Z,2.55,1000616,United Kingdom
536365,85123A,FIXTURE ITEM,6,2010-12-01T08:26:00.000Z,2.55,1000617,United Kingdom
536365,85123A,FIXTURE ITEM,6,2010-12-01T08:26:00.000Z,2.55,1000618,United Kingdom
536365,85123A,FIXTURE ITEM,6,2010-12-01T08:26:00.000Z,2.55,1000619,United Kingdom
536365,85123A,FIXTURE ITEM,6,2010-12-01T08:26:00.000Z,2.55,1000620,United Kingdom
536365,85123A,FIXTURE ITEM,6,2010-12-01T08:26:00.000Z,2.55,1000621,United Kingdom
536365,85123A,FIXTURE ITEM,6,2010-12-01T08:26:00.000Z,2.55,1000622,United Kingdom
536365,85123A,FIXTURE ITEM,6,2010-12-01T08:26:00.000Z,2.55,1000623,United Kingdom
536365,85123A,FIXTURE ITEM,6,2010-12-01T08:26:00.000Z,2.55,1000624,United Kingdom
536365,85123A,FIXTURE ITEM,6,2010-12-01T08:26:00.000Z,2.55,1000625,United Kingdom
536365,85123A,FIXTURE ITEM,6,2010-12-01T08:26:00.000Z,2.55,1000626,United Kingdom
536365,85123A,FIXTURE ITEM,6,2010-12-01T08:26:00.000Z,2.55,1000627,United Kingdom
536365,85123A,FIXTURE ITEM,6,2010-12-01T08:26:00.000Z,2.55,1000628,United Kingdom
536365,85123A,FIXTURE ITEM,6,2010-12-01T08:26:00.000Z,2.55,1000629,United Kingdom
536365,85123A,FIXTURE ITEM,6,2010-12-01T08:26:00.000Z,2.55,1000630,United Kingdom
536365,85123A,FIXTURE ITEM,6,2010-12-01T08:26:00.000Z,2.55,1000631,United Kingdom
536365,85123A,FIXTURE ITEM,6,2010-12-01T08:26:00.000Z,2.55,1000632,United Kingdom
536365,85123A,FIXTURE ITEM,6,2010-12-01T08:26:00.000Z,2.55,1000633,United Kingdom
536365,85123A,FIXTURE ITEM,6,2010-12-01T08:26:00.000Z,2.55,1000634,United Kingdom
536365,85123A,FIXTURE ITEM,6,2010-12-01T08:26:00.000Z,2.55,1000635,United Kingdom
536365,85123A,FIXTURE ITEM,6,2010-12-01T08:26:00.000Z,2.55,1000636,United Kingdom
536365,85123A,FIXTURE ITEM,6,2010-12-01T08:26:00.000Z,2.55,1000637,United Kingdom
536365,85123A,FIXTURE ITEM,6,2010-12-01T08:26:00.000Z,2.55,1000638,United Kingdom
536365,85123A,FIXTURE ITEM,6,2010-12-01T08:26:00.000Z,2.55,1000639,United Kingdom
536365,85123A,FIXTURE ITEM,6,2010-12-01T08:26:00.000Z,2.55,1000640,United Kingdom
536365,85123A,FIXTURE ITEM,6,2010-12-01T08:26:00.000Z,2.55,1000641,United Kingdom
536365,85123A,FIXTURE ITEM,6,2010-12-01T08:26:00.000Z,2.55,1000642,United Kingdom
536365,85123A,FIXTURE ITEM,6,2010-12-01T08:26:00.000Z,2.55,1000643,United Kingdom
536365,85123A,FIXTURE ITEM,6,2010-12-01T08:26:00.000Z,2.55,1000644,United Kingdom
536365,85123A,FIXTURE ITEM,6,2010-12-01T08:26:00.000Z,2.55,1000645,United Kingdom
536365,85123A,FIXTURE ITEM,6,2010-12-01T08:26:00.000Z,2.55,1000646,United Kingdom
536365,85123A,FIXTURE ITEM,6,2010-12-01T08:26:00.000Z,2.55,1000647,United Kingdom
536365,85123A,FIXTURE ITEM,6,2010-12-01T08:26:00.000Z,2.55,1000648,United Kingdom
536365,85123A,FIXTURE ITEM,6,2010-12-01T08:26:00.000Z,2.55,1000649,United Kingdom
536365,85123A,FIXTURE ITEM,6,2010-12-01T08:26:00.000Z,2.55,1000650,United Kingdom
536365,85123A,FIXTURE ITEM,6,2010-12-01T08:26:00.000Z,2.55,1000651,United Kingdom
536365,85123A,FIXTURE ITEM,6,2010-12-01T08:26:00.000Z,2.55,1000652,United Kingdom
536365,85123A,FIXTURE ITEM,6,2010-12-01T08:26:00.000Z,2.55,1000653,United Kingdom
536365,85123A,FIXTURE ITEM,6,2010-12-01T08:26:00.000Z,2.55,1000654,United Kingdom
536365,85123A,FIXTURE ITEM,6,2010-12-01T08:26:00.000Z,2.55,1000655,United Kingdom
536365,85123A,FIXTURE ITEM,6,2010-12-01T08:26:00.000Z,2.55,1000656,United Kingdom
536365,85123A,FIXTURE ITEM,6,2010-12-01T08:26:00.000Z,2.55,1000657,United Kingdom
536365,85123A,FIXTURE ITEM,6,2010-12-01T08:26:00.000Z,2.55,1000658,United Kingdom
536365,85123A,FIXTURE ITEM,6,2010-12-01T08:26:00.000Z,2.55,1000659,United Kingdom
536365,85123A,FIXTURE ITEM,6,2010-12-01T08:26:00.000Z,2.55,1000660,United Kingdom
536365,85123A,FIXTURE ITEM,6,2010-12-01T08:26:00.000Z,2.55,1000661,United Kingdom
536365,85123A,FIXTURE ITEM,6,2010-12-01T08:26:00.000Z,2.55,1000662,United Kingdom
536365,85123A,FIXTURE ITEM,6,2010-12-01T08:26:00.000Z,2.55,1000663,United Kingdom
536365,85123A,FIXTURE ITEM,6,2010-12-01T08:26:00.000Z,2.55,1000664,United Kingdom
536365,85123A,FIXTURE ITEM,6,2010-12-01T08:26:00.000Z,2.55,1000665,United Kingdom
536365,85123A,FIXTURE ITEM,6,2010-12-01T08:26:00.000Z,2.55,1000666,United Kingdom
536365,85123A,FIXTURE ITEM,6,2010-12-01T08:26:00.000Z,2.55,1000667,United Kingdom
536365,85123A,FIXTURE ITEM,6,2010-12-01T08:26:00.000Z,2.55,1000668,United Kingdom
536365,85123A,FIXTURE ITEM,6,2010-12-01T08:26:00.000Z,2.55,1000669,United Kingdom
536365,85123A,FIXTURE ITEM,6,2010-12-01T08:26:00.000Z,2.55,1000670,United Kingdom
536365,85123A,FIXTURE ITEM,6,2010-12-01T08:26:00.000Z,2.55,1000671,United Kingdom
536365,85123A,FIXTURE ITEM,6,2010-12-01T08:26:00.000Z,2.55,1000672,United Kingdom
536365,85123A,FIXTURE ITEM,6,2010-12-01T08:26:00.000Z,2.55,1000673,United Kingdom
536365,85123A,FIXTURE ITEM,6,2010-12-01T08:26:00.000Z,2.55,1000674,United Kingdom
536365,85123A,FIXTURE ITEM,6,2010-12-01T08:26:00.000Z,2.55,1000675,United Kingdom
536365,85123A,FIXTURE ITEM,6,2010-12-01T08:26:00.000Z,2.55,1000676,United Kingdom
536365,85123A,FIXTURE ITEM,6,2010-12-01T08:26:00.000Z,2.55,1000677,United Kingdom
536365,85123A,FIXTURE ITEM,6,2010-12-01T08:26:00.000Z,2.55,1000678,United Kingdom
536365,85123A,FIXTURE ITEM,6,2010-12-01T08:26:00.000Z,2.55,1000679,United Kingdom
536365,85123A,FIXTURE ITEM,6,2010-12-01T08:26:00.000Z,2.55,1000680,United Kingdom
536365,85123A,FIXTURE ITEM,6,2010-12-01T08:26:00.000Z,2.55,1000681,United Kingdom
536365,85123A,FIXTURE ITEM,6,2010-12-01T08:26:00.000Z,2.55,1000682,United Kingdom
536365,85123A,FIXTURE ITEM,6,2010-12-01T08:26:00.000Z,2.55,1000683,United Kingdom
536365,85123A,FIXTURE ITEM,6,2010-12-01T08:26:00.000Z,2.55,1000684,United Kingdom
536365,85123A,FIXTURE ITEM,6,2010-12-01T08:26:00.000Z,2.55,1000685,United Kingdom
536365,85123A,FIXTURE ITEM,6,2010-12-01T08:26:00.000Z,2.55,1000686,United Kingdom
536365,85123A,FIXTURE ITEM,6,2010-12-01T08:26:00.000Z,2.55,1000687,United Kingdom
536365,85123A,FIXTURE ITEM,6,2010-12-01T08:26:00.000Z,2.55,1000688,United Kingdom
536365,85123A,FIXTURE ITEM,6,2010-12-01T08:26:00.000Z,2.55,1000689,United Kingdom
536365,85123A,FIXTURE ITEM,6,2010-12-01T08:26:00.000Z,2.55,1000690,United Kingdom
536365,85123A,FIXTURE ITEM,6,2010-12-01T08:26:00.000Z,2.55,1000691,United Kingdom
536365,85123A,FIXTURE ITEM,6,2010-12-01T08:26:00.000Z,2.55,1000692,United Kingdom
536365,85123A,FIXTURE ITEM,6,2010-12-01T08:26:00.000Z,2.55,1000693,United Kingdom
536365,85123A,FIXTURE ITEM,6,2010-12-01T08:26:00.000Z,2.55,1000694,United Kingdom
536365,85123A,FIXTURE ITEM,6,2010-12-01T08:26:00.000Z,2.55,1000695,United Kingdom
536365,85123A,FIXTURE ITEM,6,2010-12-01T08:26:00.000Z,2.55,1000696,United Kingdom
536365,85123A,FIXTURE ITEM,6,2010-12-01T08:26:00.000Z,2.55,1000697,United Kingdom
536365,85123A,FIXTURE ITEM,6,2010-12-01T08:26:00.000Z,2.55,1000698,United Kingdom
536365,85123A,FIXTURE ITEM,6,2010-12-01T08:26:00.000Z,2.55,1000699,United Kingdom
536365,85123A,FIXTURE ITEM,6,2010-12-01T08:26:00.000Z,2.55,1000700,United Kingdom
536365,85123A,FIXTURE ITEM,6,2010-12-01T08:26:00.000Z,2.55,1000701,United Kingdom
536365,85123A,FIXTURE ITEM,6,2010-12-01T08:26:00.000Z,2.55,1000702,United Kingdom
536365,85123A,FIXTURE ITEM,6,2010-12-01T08:26:00.000Z,2.55,1000703,United Kingdom
536365,85123A,FIXTURE ITEM,6,2010-12-01T08:26:00.000Z,2.55,1000704,United Kingdom
536365,85123A,FIXTURE ITEM,6,2010-12-01T08:26:00.000Z,2.55,1000705,United Kingdom
536365,85123A,FIXTURE ITEM,6,2010-12-01T08:26:00.000Z,2.55,1000706,United Kingdom
536365,85123A,FIXTURE ITEM,6,2010-12-01T08:26:00.000Z,2.55,1000707,United Kingdom
536365,85123A,FIXTURE ITEM,6,2010-12-01T08:26:00.000Z,2.55,1000708,United Kingdom
536365,85123A,FIXTURE ITEM,6,2010-12-01T08:26:00.000Z,2.55,1000709,United Kingdom
536365,85123A,FIXTURE ITEM,6,2010-12-01T08:26:00.000Z,2.55,1000710,United Kingdom
536365,85123A,FIXTURE ITEM,6,2010-12-01T08:26:00.000Z,2.55,1000711,United Kingdom
536365,85123A,FIXTURE ITEM,6,2010-12-01T08:26:00.000Z,2.55,1000712,United Kingdom
536365,85123A,FIXTURE ITEM,6,2010-12-01T08:26:00.000Z,2.55,1000713,United Kingdom
536365,85123A,FIXTURE ITEM,6,2010-12-01T08:26:00.000Z,2.55,1000714,United Kingdom
536365,85123A,FIXTURE ITEM,6,2010-12-01T08:26:00.000Z,2.55,1000715,United Kingdom
536365,85123A,FIXTURE ITEM,6,2010-12-01T08:26:00.000Z,2.55,1000716,United Kingdom
536365,85123A,FIXTURE ITEM,6,2010-12-01T08:26:00.000Z,2.55,1000717,United Kingdom
536365,85123A,FIXTURE ITEM,6,2010-12-01T08:26:00.000Z,2.55,1000718,United Kingdom
536365,85123A,FIXTURE ITEM,6,2010-12-01T08:26:00.000Z,2.55,1000719,United Kingdom
536365,85123A,FIXTURE ITEM,6,2010-12-01T08:26:00.000Z,2.55,1000720,United Kingdom
536365,85123A,FIXTURE ITEM,6,2010-12-01T08:26:00.000Z,2.55,1000721,United Kingdom
536365,85123A,FIXTURE ITEM,6,2010-12-01T08:26:00.000Z,2.55,1000722,United Kingdom
536365,85123A,FIXTURE ITEM,6,2010-12-01T08:26:00.000Z,2.55,1000723,United Kingdom
536365,85123A,FIXTURE ITEM,6,2010-12-01T08:26:00.000Z,2.55,1000724,United Kingdom
536365,85123A,FIXTURE ITEM,6,2010-12-01T08:26:00.000Z,2.55,1000725,United Kingdom
536365,85123A,FIXTURE ITEM,6,2010-12-01T08:26:00.000Z,2.55,1000726,United Kingdom
536365,85123A,FIXTURE ITEM,6,2010-12-01T08:26:00.000Z,2.55,1000727,United Kingdom
536365,85123A,FIXTURE ITEM,6,2010-12-01T08:26:00.000Z,2.55,1000728,United Kingdom
536365,85123A,FIXTURE ITEM,6,2010-12-01T08:26:00.000Z,2.55,1000729,United Kingdom
536365,85123A,FIXTURE ITEM,6,2010-12-01T08:26:00.000Z,2.55,1000730,United Kingdom
536365,85123A,FIXTURE ITEM,6,2010-12-01T08:26:00.000Z,2.55,1000731,United Kingdom
536365,85123A,FIXTURE ITEM,6,2010-12-01T08:26:00.000Z,2.55,1000732,United Kingdom
536365,85123A,FIXTURE ITEM,6,2010-12-01T08:26:00.000Z,2.55,1000733,United Kingdom
536365,85123A,FIXTURE ITEM,6,2010-12-01T08:26:00.000Z,2.55,1000734,United Kingdom
536365,85123A,FIXTURE ITEM,6,2010-12-01T08:26:00.000Z,2.55,1000735,United Kingdom
536365,85123A,FIXTURE ITEM,6,2010-12-01T08:26:00.000Z,2.55,1000736,United Kingdom
536365,85123A,FIXTURE ITEM,6,2010-12-01T08:26:00.000Z,2.55,1000737,United Kingdom
536365,85123A,FIXTURE ITEM,6,2010-12-01T08:26:00.000Z,2.55,1000738,United Kingdom
536365,85123A,FIXTURE ITEM,6,2010-12-01T08:26:00.000Z,2.55,1000739,United Kingdom
536365,85123A,FIXTURE ITEM,6,2010-12-01T08:26:00.000Z,2.55,1000740,United Kingdom
536365,85123A,FIXTURE ITEM,6,2010-12-01T08:26:00.000Z,2.55,1000741,United Kingdom
536365,85123A,FIXTURE ITEM,6,2010-12-01T08:26:00.000Z,2.55,1000742,United Kingdom
536365,85123A,FIXTURE ITEM,6,2010-12-01T08:26:00.000Z,2.55,1000743,United Kingdom
536365,85123A,FIXTURE ITEM,6,2010-12-01T08:26:00.000Z,2.55,1000744,United Kingdom
536365,85123A,FIXTURE ITEM,6,2010-12-01T08:26:00.000Z,2.55,1000745,United Kingdom
536365,85123A,FIXTURE ITEM,6,2010-12-01T08:26:00.000Z,2.55,1000746,United Kingdom
536365,85123A,FIXTURE ITEM,6,2010-12-01T08:26:00.000Z,2.55,1000747,United Kingdom
536365,85123A,FIXTURE ITEM,6,2010-12-01T08:26:00.000Z,2.55,1000748,United Kingdom
536365,85123A,FIXTURE ITEM,6,2010-12-01T08:26:00.000Z,2.55,1000749,United Kingdom
536365,85123A,FIXTURE ITEM,6,2010-12-01T08:26:00.000Z,2.55,1000750,United Kingdom
536365,85123A,FIXTURE ITEM,6,2010-12-01T08:26:00.000Z,2.55,1000751,United Kingdom
536365,85123A,FIXTURE ITEM,6,2010-12-01T08:26:00.000Z,2.55,1000752,United Kingdom
536365,85123A,FIXTURE ITEM,6,2010-12-01T08:26:00.000Z,2.55,1000753,United Kingdom
536365,85123A,FIXTURE ITEM,6,2010-12-01T08:26:00.000Z,2.55,1000754,United Kingdom
536365,85123A,FIXTURE ITEM,6,2010-12-01T08:26:00.000Z,2.55,1000755,United Kingdom
536365,85123A,FIXTURE ITEM,6,2010-12-01T08:26:00.000Z,2.55,1000756,United Kingdom
536365,85123A,FIXTURE ITEM,6,2010-12-01T08:26:00.000Z,2.55,1000757,United Kingdom
536365,85123A,FIXTURE ITEM,6,2010-12-01T08:26:00.000Z,2.55,1000758,United Kingdom
536365,85123A,FIXTURE ITEM,6,2010-12-01T08:26:00.000Z,2.55,1000759,United Kingdom
536365,85123A,FIXTURE ITEM,6,2010-12-01T08:26:00.000Z,2.55,1000760,United Kingdom
536365,85123A,FIXTURE ITEM,6,2010-12-01T08:26:00.000Z,2.55,1000761,United Kingdom
536365,85123A,FIXTURE ITEM,6,2010-12-01T08:26:00.000Z,2.55,1000762,United Kingdom
536365,85123A,FIXTURE ITEM,6,2010-12-01T08:26:00.000Z,2.55,1000763,United Kingdom
536365,85123A,FIXTURE ITEM,6,2010-12-01T08:26:00.000Z,2.55,1000764,United Kingdom
536365,85123A,FIXTURE ITEM,6,2010-12-01T08:26:00.000Z,2.55,1000765,United Kingdom
536365,85123A,FIXTURE ITEM,6,2010-12-01T08:26:00.000Z,2.55,1000766,United Kingdom
536365,85123A,FIXTURE ITEM,6,2010-12-01T08:26:00.000Z,2.55,1000767,United Kingdom
536365,85123A,FIXTURE ITEM,6,2010-12-01T08:26:00.000Z,2.55,1000768,United Kingdom
536365,85123A,FIXTURE ITEM,6,2010-12-01T08:26:00.000Z,2.55,1000769,United Kingdom
536365,85123A,FIXTURE ITEM,6,2010-12-01T08:26:00.000Z,2.55,1000770,United Kingdom
536365,85123A,FIXTURE ITEM,6,2010-12-01T08:26:00.000Z,2.55,1000771,United Kingdom
536365,85123A,FIXTURE ITEM,6,2010-12-01T08:26:00.000Z,2.55,1000772,United Kingdom
536365,85123A,FIXTURE ITEM,6,2010-12-01T08:26:00.000Z,2.55,1000773,United Kingdom
536365,85123A,FIXTURE ITEM,6,2010-12-01T08:26:00.000Z,2.55,1000774,United Kingdom
536365,85123A,FIXTURE ITEM,6,2010-12-01T08:26:00.000Z,2.55,1000775,United Kingdom
536365,85123A,FIXTURE ITEM,6,2010-12-01T08:26:00.000Z,2.55,1000776,United Kingdom
536365,85123A,FIXTURE ITEM,6,2010-12-01T08:26:00.000Z,2.55,1000777,United Kingdom
536365,85123A,FIXTURE ITEM,6,2010-12-01T08:26:00.000Z,2.55,1000778,United Kingdom
536365,85123A,FIXTURE ITEM,6,2010-12-01T08:26:00.000Z,2.55,1000779,United Kingdom
536365,85123A,FIXTURE ITEM,6,2010-12-01T08:26:00.000Z,2.55,1000780,United Kingdom
536365,85123A,FIXTURE ITEM,6,2010-12-01T08:26:00.000Z,2.55,1000781,United Kingdom
536365,85123A,FIXTURE ITEM,6,2010-12-01T08:26:00.000Z,2.55,1000782,United Kingdom
536365,85123A,FIXTURE ITEM,6,2010-12-01T08:26:00.000Z,2.55,1000783,United Kingdom
536365,85123A,FIXTURE ITEM,6,2010-12-01T08:26:00.000Z,2.55,1000784,United Kingdom
536365,85123A,FIXTURE ITEM,6,2010-12-01T08:26:00.000Z,2.55,1000785,United Kingdom
536365,85123A,FIXTURE ITEM,6,2010-12-01T08:26:00.000Z,2.55,1000786,United Kingdom
536365,85123A,FIXTURE ITEM,6,2010-12-01T08:26:00.000Z,2.55,1000787,United Kingdom
536365,85123A,FIXTURE ITEM,6,2010-12-01T08:26:00.000Z,2.55,1000788,United Kingdom
536365,85123A,FIXTURE ITEM,6,2010-12-01T08:26:00.000Z,2.55,1000789,United Kingdom
536365,85123A,FIXTURE ITEM,6,2010-12-01T08:26:00.000Z,2.55,1000790,United Kingdom
536365,85123A,FIXTURE ITEM,6,2010-12-01T08:26:00.000Z,2.55,1000791,United Kingdom
536365,85123A,FIXTURE ITEM,6,2010-12-01T08:26:00.000Z,2.55,1000792,United Kingdom
536365,85123A,FIXTURE ITEM,6,2010-12-01T08:26:00.000Z,2.55,1000793,United Kingdom
536365,85123A,FIXTURE ITEM,6,2010-12-01T08:26:00.000Z,2.55,1000794,United Kingdom
536365,85123A,FIXTURE ITEM,6,2010-12-01T08:26:00.000Z,2.55,1000795,United Kingdom
536365,85123A,FIXTURE ITEM,6,2010-12-01T08:26:00.000Z,2.55,1000796,United Kingdom
536365,85123A,FIXTURE ITEM,6,2010-12-01T08:26:00.000Z,2.55,1000797,United Kingdom
536365,85123A,FIXTURE ITEM,6,2010-12-01T08:26:00.000Z,2.55,1000798,United Kingdom
536365,85123A,FIXTURE ITEM,6,2010-12-01T08:26:00.000Z,2.55,1000799,United Kingdom
536365,85123A,FIXTURE ITEM,6,2010-12-01T08:26:00.000Z,2.55,1000800,United Kingdom
536365,85123A,FIXTURE ITEM,6,2010-12-01T08:26:00.000Z,2.55,1000801,United Kingdom
536365,85123A,FIXTURE ITEM,6,2010-12-01T08:26:00.000Z,2.55,1000802,United Kingdom
536365,85123A,FIXTURE ITEM,6,2010-12-01T08:26:00.000Z,2.55,1000803,United Kingdom
536365,85123A,FIXTURE ITEM,6,2010-12-01T08:26:00.000Z,2.55,1000804,United Kingdom
536365,85123A,FIXTURE ITEM,6,2010-12-01T08:26:00.000Z,2.55,1000805,United Kingdom
536365,85123A,FIXTURE ITEM,6,2010-12-01T08:26:00.000Z,2.55,1000806,United Kingdom
536365,85123A,FIXTURE ITEM,6,2010-12-01T08:26:00.000Z,2.55,1000807,United Kingdom
536365,85123A,FIXTURE ITEM,6,2010-12-01T08:26:00.000Z,2.55,1000808,United Kingdom
536365,85123A,FIXTURE ITEM,6,2010-12-01T08:26:00.000Z,2.55,1000809,United Kingdom
536365,85123A,FIXTURE ITEM,6,2010-12-01T08:26:00.000Z,2.55,1000810,United Kingdom
536365,85123A,FIXTURE ITEM,6,2010-12-01T08:26:00.000Z,2.55,1000811,United Kingdom
536365,85123A,FIXTURE ITEM,6,2010-12-01T08:26:00.000Z,2.55,1000812,United Kingdom
536365,85123A,FIXTURE ITEM,6,2010-12-01T08:26:00.000Z,2.55,1000813,United Kingdom
536365,85123A,FIXTURE ITEM,6,2010-12-01T08:26:00.000Z,2.55,1000814,United Kingdom
536365,85123A,FIXTURE ITEM,6,2010-12-01T08:26:00.000Z,2.55,1000815,United Kingdom
536365,85123A,FIXTURE ITEM,6,2010-12-01T08:26:00.000Z,2.55,1000816,United Kingdom
536365,85123A,FIXTURE ITEM,6,2010-12-01T08:26:00.000Z,2.55,1000817,United Kingdom
536365,85123A,FIXTURE ITEM,6,2010-12-01T08:26:00.000Z,2.55,1000818,United Kingdom
536365,85123A,FIXTURE ITEM,6,2010-12-01T08:26:00.000Z,2.55,1000819,United Kingdom
536365,85123A,FIXTURE ITEM,6,2010-12-01T08:26:00.000Z,2.55,1000820,United Kingdom
536365,85123A,FIXTURE ITEM,6,2010-12-01T08:26:00.000Z,2.55,1000821,United Kingdom
536365,85123A,FIXTURE ITEM,6,2010-12-01T08:26:00.000Z,2.55,1000822,United Kingdom
536365,85123A,FIXTURE ITEM,6,2010-12-01T08:26:00.000Z,2.55,1000823,United Kingdom
536365,85123A,FIXTURE ITEM,6,2010-12-01T08:26:00.000Z,2.55,1000824,United Kingdom
536365,85123A,FIXTURE ITEM,6,2010-12-01T08:26:00.000Z,2.55,1000825,United Kingdom
536365,85123A,FIXTURE ITEM,6,2010-12-01T08:26:00.000Z,2.55,1000826,United Kingdom
536365,85123A,FIXTURE ITEM,6,2010-12-01T08:26:00.000Z,2.55,1000827,United Kingdom
536365,85123A,FIXTURE ITEM,6,2010-12-01T08:26:00.000Z,2.55,1000828,United Kingdom
536365,85123A,FIXTURE ITEM,6,2010-12-01T08:26:00.000Z,2.55,1000829,United Kingdom
536365,85123A,FIXTURE ITEM,6,2010-12-01T08:26:00.000Z,2.55,1000830,United Kingdom
536365,85123A,FIXTURE ITEM,6,2010-12-01T08:26:00.000Z,2.55,1000831,United Kingdom
536365,85123A,FIXTURE ITEM,6,2010-12-01T08:26:00.000Z,2.55,1000832,United Kingdom
536365,85123A,FIXTURE ITEM,6,2010-12-01T08:26:00.000Z,2.55,1000833,United Kingdom
536365,85123A,FIXTURE ITEM,6,2010-12-01T08:26:00.000Z,2.55,1000834,United Kingdom
536365,85123A,FIXTURE ITEM,6,2010-12-01T08:26:00.000Z,2.55,1000835,United Kingdom
536365,85123A,FIXTURE ITEM,6,2010-12-01T08:26:00.000Z,2.55,1000836,United Kingdom
536365,85123A,FIXTURE ITEM,6,2010-12-01T08:26:00.000Z,2.55,1000837,United Kingdom
536365,85123A,FIXTURE ITEM,6,2010-12-01T08:26:00.000Z,2.55,1000838,United Kingdom
536365,85123A,FIXTURE ITEM,6,2010-12-01T08:26:00.000Z,2.55,1000839,United Kingdom
536365,85123A,FIXTURE ITEM,6,2010-12-01T08:26:00.000Z,2.55,1000840,United Kingdom
536365,85123A,FIXTURE ITEM,6,2010-12-01T08:26:00.000Z,2.55,1000841,United Kingdom
536365,85123A,FIXTURE ITEM,6,2010-12-01T08:26:00.000Z,2.55,1000842,United Kingdom
536365,85123A,FIXTURE ITEM,6,2010-12-01T08:26:00.000Z,2.55,1000843,United Kingdom
536365,85123A,FIXTURE ITEM,6,2010-12-01T08:26:00.000Z,2.55,1000844,United Kingdom
536365,85123A,FIXTURE ITEM,6,2010-12-01T08:26:00.000Z,2.55,1000845,United Kingdom
536365,85123A,FIXTURE ITEM,6,2010-12-01T08:26:00.000Z,2.55,1000846,United Kingdom
536365,85123A,FIXTURE ITEM,6,2010-12-01T08:26:00.000Z,2.55,1000847,United Kingdom
536365,85123A,FIXTURE ITEM,6,2010-12-01T08:26:00.000Z,2.55,1000848,United Kingdom
536365,85123A,FIXTURE ITEM,6,2010-12-01T08:26:00.000Z,2.55,1000849,United Kingdom
536365,85123A,FIXTURE ITEM,6,2010-12-01T08:26:00.000Z,2.55,1000850,United Kingdom
536365,85123A,FIXTURE ITEM,6,2010-12-01T08:26:00.000Z,2.55,1000851,United Kingdom
536365,85123A,FIXTURE ITEM,6,2010-12-01T08:26:00.000Z,2.55,1000852,United Kingdom
536365,85123A,FIXTURE ITEM,6,2010-12-01T08:26:00.000Z,2.55,1000853,United Kingdom
536365,85123A,FIXTURE ITEM,6,2010-12-01T08:26:00.000Z,2.55,1000854,United Kingdom
536365,85123A,FIXTURE ITEM,6,2010-12-01T08:26:00.000Z,2.55,1000855,United Kingdom
536365,85123A,FIXTURE ITEM,6,2010-12-01T08:26:00.000Z,2.55,1000856,United Kingdom
536365,85123A,FIXTURE ITEM,6,2010-12-01T08:26:00.000Z,2.55,1000857,United Kingdom
536365,85123A,FIXTURE ITEM,6,2010-12-01T08:26:00.000Z,2.55,1000858,United Kingdom
536365,85123A,FIXTURE ITEM,6,2010-12-01T08:26:00.000Z,2.55,1000859,United Kingdom
536365,85123A,FIXTURE ITEM,6,2010-12-01T08:26:00.000Z,2.55,1000860,United Kingdom
536365,85123A,FIXTURE ITEM,6,2010-12-01T08:26:00.000Z,2.55,1000861,United Kingdom
536365,85123A,FIXTURE ITEM,6,2010-12-01T08:26:00.000Z,2.55,1000862,United Kingdom
536365,85123A,FIXTURE ITEM,6,2010-12-01T08:26:00.000Z,2.55,1000863,United Kingdom
536365,85123A,FIXTURE ITEM,6,2010-12-01T08:26:00.000Z,2.55,1000864,United Kingdom
536365,85123A,FIXTURE ITEM,6,2010-12-01T08:26:00.000Z,2.55,1000865,United Kingdom
536365,85123A,FIXTURE ITEM,6,2010-12-01T08:26:00.000Z,2.55,1000866,United Kingdom
536365,85123A,FIXTURE ITEM,6,2010-12-01T08:26:00.000Z,2.55,1000867,United Kingdom
536365,85123A,FIXTURE ITEM,6,2010-12-01T08:26:00.000Z,2.55,1000868,United Kingdom
536365,85123A,FIXTURE ITEM,6,2010-12-01T08:26:00.000Z,2.55,1000869,United Kingdom
536365,85123A,FIXTURE ITEM,6,2010-12-01T08:26:00.000Z,2.55,1000870,United Kingdom
536365,85123A,FIXTURE ITEM,6,2010-12-01T08:26:00.000Z,2.55,1000871,United Kingdom
536365,85123A,FIXTURE ITEM,6,2010-12-01T08:26:00.000Z,2.55,1000872,United Kingdom
536365,85123A,FIXTURE ITEM,6,2010-12-01T08:26:00.000Z,2.55,1000873,United Kingdom
536365,85123A,FIXTURE ITEM,6,2010-12-01T08:26:00.000Z,2.55,1000874,United Kingdom
536365,85123A,FIXTURE ITEM,6,2010-12-01T08:26:00.000Z,2.55,1000875,United Kingdom
536365,85123A,FIXTURE ITEM,6,2010-12-01T08:26:00.000Z,2.55,1000876,United Kingdom
536365,85123A,FIXTURE ITEM,6,2010-12-01T08:26:00.000Z,2.55,1000877,United Kingdom
536365,85123A,FIXTURE ITEM,6,2010-12-01T08:26:00.000Z,2.55,1000878,United Kingdom
536365,85123A,FIXTURE ITEM,6,2010-12-01T08:26:00.000Z,2.55,1000879,United Kingdom
536365,85123A,FIXTURE ITEM,6,2010-12-01T08:26:00.000Z,2.55,1000880,United Kingdom
536365,85123A,FIXTURE ITEM,6,2010-12-01T08:26:00.000Z,2.55,1000881,United Kingdom
536365,85123A,FIXTURE ITEM,6,2010-12-01T08:26:00.000Z,2.55,1000882,United Kingdom
536365,85123A,FIXTURE ITEM,6,2010-12-01T08:26:00.000Z,2.55,1000883,United Kingdom
536365,85123A,FIXTURE ITEM,6,2010-12-01T08:26:00.000Z,2.55,1000884,United Kingdom
536365,85123A,FIXTURE ITEM,6,2010-12-01T08:26:00.000Z,2.55,1000885,United Kingdom
536365,85123A,FIXTURE ITEM,6,2010-12-01T08:26:00.000Z,2.55,1000886,United Kingdom
536365,85123A,FIXTURE ITEM,6,2010-12-01T08:26:00.000Z,2.55,1000887,United Kingdom
536365,85123A,FIXTURE ITEM,6,2010-12-01T08:26:00.000Z,2.55,1000888,United Kingdom
536365,85123A,FIXTURE ITEM,6,2010-12-01T08:26:00.000Z,2.55,1000889,United Kingdom
536365,85123A,FIXTURE ITEM,6,2010-12-01T08:26:00.000Z,2.55,1000890,United Kingdom
536365,85123A,FIXTURE ITEM,6,2010-12-01T08:26:00.000Z,2.55,1000891,United Kingdom
536365,85123A,FIXTURE ITEM,6,2010-12-01T08:26:00.000Z,2.55,1000892,United Kingdom
536365,85123A,FIXTURE ITEM,6,2010-12-01T08:26:00.000Z,2.55,1000893,United Kingdom
536365,85123A,FIXTURE ITEM,6,2010-12-01T08:26:00.000Z,2.55,1000894,United Kingdom
536365,85123A,FIXTURE ITEM,6,2010-12-01T08:26:00.000Z,2.55,1000895,United Kingdom
536365,85123A,FIXTURE ITEM,6,2010-12-01T08:26:00.000Z,2.55,1000896,United Kingdom
536365,85123A,FIXTURE ITEM,6,2010-12-01T08:26:00.000Z,2.55,1000897,United Kingdom
536365,85123A,FIXTURE ITEM,6,2010-12-01T08:26:00.000Z,2.55,1000898,United Kingdom
536365,85123A,FIXTURE ITEM,6,2010-12-01T08:26:00.000Z,2.55,1000899,United Kingdom
536365,85123A,FIXTURE ITEM,6,2010-12-01T08:26:00.000Z,2.55,1000900,United Kingdom
536365,85123A,FIXTURE ITEM,6,2010-12-01T08:26:00.000Z,2.55,1000901,United Kingdom
536365,85123A,FIXTURE ITEM,6,2010-12-01T08:26:00.000Z,2.55,1000902,United Kingdom
536365,85123A,FIXTURE ITEM,6,2010-12-01T08:26:00.000Z,2.55,1000903,United Kingdom
536365,85123A,FIXTURE ITEM,6,2010-12-01T08:26:00.000Z,2.55,1000904,United Kingdom
536365,85123A,FIXTURE ITEM,6,2010-12-01T08:26:00.000Z,2.55,1000905,United Kingdom
536365,85123A,FIXTURE ITEM,6,2010-12-01T08:26:00.000Z,2.55,1000906,United Kingdom
536365,85123A,FIXTURE ITEM,6,2010-12-01T08:26:00.000Z,2.55,1000907,United Kingdom
536365,85123A,FIXTURE ITEM,6,2010-12-01T08:26:00.000Z,2.55,1000908,United Kingdom
536365,85123A,FIXTURE ITEM,6,2010-12-01T08:26:00.000Z,2.55,1000909,United Kingdom
536365,85123A,FIXTURE ITEM,6,2010-12-01T08:26:00.000Z,2.55,1000910,United Kingdom
536365,85123A,FIXTURE ITEM,6,2010-12-01T08:26:00.000Z,2.55,1000911,United Kingdom
536365,85123A,FIXTURE ITEM,6,2010-12-01T08:26:00.000Z,2.55,1000912,United Kingdom
536365,85123A,FIXTURE ITEM,6,2010-12-01T08:26:00.000Z,2.55,1000913,United Kingdom
536365,85123A,FIXTURE ITEM,6,2010-12-01T08:26:00.000Z,2.55,1000914,United Kingdom
536365,85123A,FIXTURE ITEM,6,2010-12-01T08:26:00.000Z,2.55,1000915,United Kingdom
536365,85123A,FIXTURE ITEM,6,2010-12-01T08:26:00.000Z,2.55,1000916,United Kingdom
536365,85123A,FIXTURE ITEM,6,2010-12-01T08:26:00.000Z,2.55,1000917,United Kingdom
536365,85123A,FIXTURE ITEM,6,2010-12-01T08:26:00.000Z,2.55,1000918,United Kingdom
536365,85123A,FIXTURE ITEM,6,2010-12-01T08:26:00.000Z,2.55,1000919,United Kingdom
536365,85123A,FIXTURE ITEM,6,2010-12-01T08:26:00.000Z,2.55,1000920,United Kingdom
536365,85123A,FIXTURE ITEM,6,2010-12-01T08:26:00.000Z,2.55,1000921,United Kingdom
536365,85123A,FIXTURE ITEM,6,2010-12-01T08:26:00.000Z,2.55,1000922,United Kingdom
536365,85123A,FIXTURE ITEM,6,2010-12-01T08:26:00.000Z,2.55,1000923,United Kingdom
536365,85123A,FIXTURE ITEM,6,2010-12-01T08:26:00.000Z,2.55,1000924,United Kingdom
536365,85123A,FIXTURE ITEM,6,2010-12-01T08:26:00.000Z,2.55,1000925,United Kingdom
536365,85123A,FIXTURE ITEM,6,2010-12-01T08:26:00.000Z,2.55,1000926,United Kingdom
536365,85123A,FIXTURE ITEM,6,2010-12-01T08:26:00.000Z,2.55,1000927,United Kingdom
536365,85123A,FIXTURE ITEM,6,2010-12-01T08:26:00.000Z,2.55,1000928,United Kingdom
536365,85123A,FIXTURE ITEM,6,2010-12-01T08:26:00.000Z,2.55,1000929,United Kingdom
536365,85123A,FIXTURE ITEM,6,2010-12-01T08:26:00.000Z,2.55,1000930,United Kingdom
536365,85123A,FIXTURE ITEM,6,2010-12-01T08:26:00.000Z,2.55,1000931,United Kingdom
536365,85123A,FIXTURE ITEM,6,2010-12-01T08:26:00.000Z,2.55,1000932,United Kingdom
536365,85123A,FIXTURE ITEM,6,2010-12-01T08:26:00.000Z,2.55,1000933,United Kingdom
536365,85123A,FIXTURE ITEM,6,2010-12-01T08:26:00.000Z,2.55,1000934,United Kingdom
536365,85123A,FIXTURE ITEM,6,2010-12-01T08:26:00.000Z,2.55,1000935,United Kingdom
536365,85123A,FIXTURE ITEM,6,2010-12-01T08:26:00.000Z,2.55,1000936,United Kingdom
536365,85123A,FIXTURE ITEM,6,2010-12-01T08:26:00.000Z,2.55,1000937,United Kingdom
536365,85123A,FIXTURE ITEM,6,2010-12-01T08:26:00.000Z,2.55,1000938,United Kingdom
536365,85123A,FIXTURE ITEM,6,2010-12-01T08:26:00.000Z,2.55,1000939,United Kingdom
536365,85123A,FIXTURE ITEM,6,2010-12-01T08:26:00.000Z,2.55,1000940,United Kingdom
536365,85123A,FIXTURE ITEM,6,2010-12-01T08:26:00.000Z,2.55,1000941,United Kingdom
536365,85123A,FIXTURE ITEM,6,2010-12-01T08:26:00.000Z,2.55,1000942,United Kingdom
536365,85123A,FIXTURE ITEM,6,2010-12-01T08:26:00.000Z,2.55,1000943,United Kingdom
536365,85123A,FIXTURE ITEM,6,2010-12-01T08:26:00.000Z,2.55,1000944,United Kingdom
536365,85123A,FIXTURE ITEM,6,2010-12-01T08:26:00.000Z,2.55,1000945,United Kingdom
536365,85123A,FIXTURE ITEM,6,2010-12-01T08:26:00.000Z,2.55,1000946,United Kingdom
536365,85123A,FIXTURE ITEM,6,2010-12-01T08:26:00.000Z,2.55,1000947,United Kingdom
536365,85123A,FIXTURE ITEM,6,2010-12-01T08:26:00.000Z,2.55,1000948,United Kingdom
536365,85123A,FIXTURE ITEM,6,2010-12-01T08:26:00.000Z,2.55,1000949,United Kingdom
536365,85123A,FIXTURE ITEM,6,2010-12-01T08:26:00.000Z,2.55,1000950,United Kingdom
536365,85123A,FIXTURE ITEM,6,2010-12-01T08:26:00.000Z,2.55,1000951,United Kingdom
536365,85123A,FIXTURE ITEM,6,2010-12-01T08:26:00.000Z,2.55,1000952,United Kingdom
536365,85123A,FIXTURE ITEM,6,2010-12-01T08:26:00.000Z,2.55,1000953,United Kingdom
536365,85123A,FIXTURE ITEM,6,2010-12-01T08:26:00.000Z,2.55,1000954,United Kingdom
536365,85123A,FIXTURE ITEM,6,2010-12-01T08:26:00.000Z,2.55,1000955,United Kingdom
536365,85123A,FIXTURE ITEM,6,2010-12-01T08:26:00.000Z,2.55,1000956,United Kingdom
536365,85123A,FIXTURE ITEM,6,2010-12-01T08:26:00.000Z,2.55,1000957,United Kingdom
536365,85123A,FIXTURE ITEM,6,2010-12-01T08:26:00.000Z,2.55,1000958,United Kingdom
536365,85123A,FIXTURE ITEM,6,2010-12-01T08:26:00.000Z,2.55,1000959,United Kingdom
536365,85123A,FIXTURE ITEM,6,2010-12-01T08:26:00.000Z,2.55,1000960,United Kingdom
536365,85123A,FIXTURE ITEM,6,2010-12-01T08:26:00.000Z,2.55,1000961,United Kingdom
536365,85123A,FIXTURE ITEM,6,2010-12-01T08:26:00.000Z,2.55,1000962,United Kingdom
536365,85123A,FIXTURE ITEM,6,2010-12-01T08:26:00.000Z,2.55,1000963,United Kingdom
536365,85123A,FIXTURE ITEM,6,2010-12-01T08:26:00.000Z,2.55,1000964,United Kingdom
536365,85123A,FIXTURE ITEM,6,2010-12-01T08:26:00.000Z,2.55,1000965,United Kingdom
536365,85123A,FIXTURE ITEM,6,2010-12-01T08:26:00.000Z,2.55,1000966,United Kingdom
536365,85123A,FIXTURE ITEM,6,2010-12-01T08:26:00.000Z,2.55,1000967,United Kingdom
536365,85123A,FIXTURE ITEM,6,2010-12-01T08:26:00.000Z,2.55,1000968,United Kingdom
536365,85123A,FIXTURE ITEM,6,2010-12-01T08:26:00.000Z,2.55,1000969,United Kingdom
536365,85123A,FIXTURE ITEM,6,2010-12-01T08:26:00.000Z,2.55,1000970,United Kingdom
536365,85123A,FIXTURE ITEM,6,2010-12-01T08:26:00.000Z,2.55,1000971,United Kingdom
536365,85123A,FIXTURE ITEM,6,2010-12-01T08:26:00.000Z,2.55,1000972,United Kingdom
536365,85123A,FIXTURE ITEM,6,2010-12-01T08:26:00.000Z,2.55,1000973,United Kingdom
536365,85123A,FIXTURE ITEM,6,2010-12-01T08:26:00.000Z,2.55,1000974,United Kingdom
536365,85123A,FIXTURE ITEM,6,2010-12-01T08:26:00.000Z,2.55,1000975,United Kingdom
536365,85123A,FIXTURE ITEM,6,2010-12-01T08:26:00.000Z,2.55,1000976,United Kingdom
536365,85123A,FIXTURE ITEM,6,2010-12-01T08:26:00.000Z,2.55,1000977,United Kingdom
536365,85123A,FIXTURE ITEM,6,2010-12-01T08:26:00.000Z,2.55,1000978,United Kingdom
536365,85123A,FIXTURE ITEM,6,2010-12-01T08:26:00.000Z,2.55,1000979,United Kingdom
536365,85123A,FIXTURE ITEM,6,2010-12-01T08:26:00.000Z,2.55,1000980,United Kingdom
536365,85123A,FIXTURE ITEM,6,2010-12-01T08:26:00.000Z,2.55,1000981,United Kingdom
536365,85123A,FIXTURE ITEM,6,2010-12-01T08:26:00.000Z,2.55,1000982,United Kingdom
536365,85123A,FIXTURE ITEM,6,2010-12-01T08:26:00.000Z,2.55,1000983,United Kingdom
536365,85123A,FIXTURE ITEM,6,2010-12-01T08:26:00.000Z,2.55,1000984,United Kingdom
536365,85123A,FIXTURE ITEM,6,2010-12-01T08:26:00.000Z,2.55,1000985,United Kingdom
536365,85123A,FIXTURE ITEM,6,2010-12-01T08:26:00.000Z,2.55,1000986,United Kingdom
536365,85123A,FIXTURE ITEM,6,2010-12-01T08:26:00.000Z,2.55,1000987,United Kingdom
536365,85123A,FIXTURE ITEM,6,2010-12-01T08:26:00.000Z,2.55,1000988,United Kingdom
536365,85123A,FIXTURE ITEM,6,2010-12-01T08:26:00.000Z,2.55,1000989,United Kingdom
536365,85123A,FIXTURE ITEM,6,2010-12-01T08:26:00.000Z,2.55,1000990,United Kingdom
536365,85123A,FIXTURE ITEM,6,2010-12-01T08:26:00.000Z,2.55,1000991,United Kingdom
536365,85123A,FIXTURE ITEM,6,2010-12-01T08:26:00.000Z,2.55,1000992,United Kingdom
536365,85123A,FIXTURE ITEM,6,2010-12-01T08:26:00.000Z,2.55,1000993,United Kingdom
536365,85123A,FIXTURE ITEM,6,2010-12-01T08:26:00.000Z,2.55,1000994,United Kingdom
536365,85123A,FIXTURE ITEM,6,2010-12-01T08:26:00.000Z,2.55,1000995,United Kingdom
536365,85123A,FIXTURE ITEM,6,2010-12-01T08:26:00.000Z,2.55,1000996,United Kingdom
536365,85123A,FIXTURE ITEM,6,2010-12-01T08:26:00.000Z,2.55,1000997,United Kingdom
536365,85123A,FIXTURE ITEM,6,2010-12-01T08:26:00.000Z,2.55,1000998,United Kingdom
536365,85123A,FIXTURE ITEM,6,2010-12-01T08:26:00.000Z,2.55,1000999,United Kingdom
536365,85123A,FIXTURE ITEM,6,2010-12-01T08:26:00.000Z,2.55,10001000,United Kingdom
536365,85123A,FIXTURE ITEM,6,2010-12-01T08:26:00.000Z,2.55,10001001,United Kingdom
536365,85123A,FIXTURE ITEM,6,2010-12-01T08:26:00.000Z,2.55,10001002,United Kingdom
536365,85123A,FIXTURE ITEM,6,2010-12-01T08:26:00.000Z,2.55,10001003,United Kingdom
536365,85123A,FIXTURE ITEM,6,2010-12-01T08:26:00.000Z,2.55,10001004,United Kingdom
536365,85123A,FIXTURE ITEM,6,2010-12-01T08:26:00.000Z,2.55,10001005,United Kingdom
536365,85123A,FIXTURE ITEM,6,2010-12-01T08:26:00.000Z,2.55,10001006,United Kingdom
536365,85123A,FIXTURE ITEM,6,2010-12-01T08:26:00.000Z,2.55,10001007,United Kingdom
536365,85123A,FIXTURE ITEM,6,2010-12-01T08:26:00.000Z,2.55,10001008,United Kingdom
536365,85123A,FIXTURE ITEM,6,2010-12-01T08:26:00.000Z,2.55,10001009,United Kingdom
536365,85123A,FIXTURE ITEM,6,2010-12-01T08:26:00.000Z,2.55,10001010,United Kingdom
536365,85123A,FIXTURE ITEM,6,2010-12-01T08:26:00.000Z,2.55,10001011,United Kingdom
536365,85123A,FIXTURE ITEM,6,2010-12-01T08:26:00.000Z,2.55,10001012,United Kingdom
536365,85123A,FIXTURE ITEM,6,2010-12-01T08:26:00.000Z,2.55,10001013,United Kingdom
536365,85123A,FIXTURE ITEM,6,2010-12-01T08:26:00.000Z,2.55,10001014,United Kingdom
536365,85123A,FIXTURE ITEM,6,2010-12-01T08:26:00.000Z,2.55,10001015,United Kingdom
536365,85123A,FIXTURE ITEM,6,2010-12-01T08:26:00.000Z,2.55,10001016,United Kingdom
536365,85123A,FIXTURE ITEM,6,2010-12-01T08:26:00.000Z,2.55,10001017,United Kingdom
536365,85123A,FIXTURE ITEM,6,2010-12-01T08:26:00.000Z,2.55,10001018,United Kingdom
536365,85123A,FIXTURE ITEM,6,2010-12-01T08:26:00.000Z,2.55,10001019,United Kingdom
536365,85123A,FIXTURE ITEM,6,2010-12-01T08:26:00.000Z,2.55,10001020,United Kingdom
536365,85123A,FIXTURE ITEM,6,2010-12-01T08:26:00.000Z,2.55,10001021,United Kingdom
536365,85123A,FIXTURE ITEM,6,2010-12-01T08:26:00.000Z,2.55,10001022,United Kingdom
536365,85123A,FIXTURE ITEM,6,2010-12-01T08:26:00.000Z,2.55,10001023,United Kingdom
536365,85123A,FIXTURE ITEM,6,2010-12-01T08:26:00.000Z,2.55,10001024,United Kingdom
536365,85123A,FIXTURE ITEM,6,2010-12-01T08:26:00.000Z,2.55,10001025,United Kingdom
536365,85123A,FIXTURE ITEM,6,2010-12-01T08:26:00.000Z,2.55,10001026,United Kingdom
536365,85123A,FIXTURE ITEM,6,2010-12-01T08:26:00.000Z,2.55,10001027,United Kingdom
536365,85123A,FIXTURE ITEM,6,2010-12-01T08:26:00.000Z,2.55,10001028,United Kingdom
536365,85123A,FIXTURE ITEM,6,2010-12-01T08:26:00.000Z,2.55,10001029,United Kingdom
536365,85123A,FIXTURE ITEM,6,2010-12-01T08:26:00.000Z,2.55,10001030,United Kingdom
536365,85123A,FIXTURE ITEM,6,2010-12-01T08:26:00.000Z,2.55,10001031,United Kingdom
536365,85123A,FIXTURE ITEM,6,2010-12-01T08:26:00.000Z,2.55,10001032,United Kingdom
536365,85123A,FIXTURE ITEM,6,2010-12-01T08:26:00.000Z,2.55,10001033,United Kingdom
536365,85123A,FIXTURE ITEM,6,2010-12-01T08:26:00.000Z,2.55,10001034,United Kingdom
536365,85123A,FIXTURE ITEM,6,2010-12-01T08:26:00.000Z,2.55,10001035,United Kingdom
536365,85123A,FIXTURE ITEM,6,2010-12-01T08:26:00.000Z,2.55,10001036,United Kingdom
536365,85123A,FIXTURE ITEM,6,2010-12-01T08:26:00.000Z,2.55,10001037,United Kingdom
536365,85123A,FIXTURE ITEM,6,2010-12-01T08:26:00.000Z,2.55,10001038,United Kingdom
536365,85123A,FIXTURE ITEM,6,2010-12-01T08:26:00.000Z,2.55,10001039,United Kingdom
536365,85123A,FIXTURE ITEM,6,2010-12-01T08:26:00.000Z,2.55,10001040,United Kingdom
536365,85123A,FIXTURE ITEM,6,2010-12-01T08:26:00.000Z,2.55,10001041,United Kingdom
536365,85123A,FIXTURE ITEM,6,2010-12-01T08:26:00.000Z,2.55,10001042,United Kingdom
536365,85123A,FIXTURE ITEM,6,2010-12-01T08:26:00.000Z,2.55,10001043,United Kingdom
536365,85123A,FIXTURE ITEM,6,2010-12-01T08:26:00.000Z,2.55,10001044,United Kingdom
536365,85123A,FIXTURE ITEM,6,2010-12-01T08:26:00.000Z,2.55,10001045,United Kingdom
536365,85123A,FIXTURE ITEM,6,2010-12-01T08:26:00.000Z,2.55,10001046,United Kingdom
536365,85123A,FIXTURE ITEM,6,2010-12-01T08:26:00.000Z,2.55,10001047,United Kingdom
536365,85123A,FIXTURE ITEM,6,2010-12-01T08:26:00.000Z,2.55,10001048,United Kingdom
536365,85123A,FIXTURE ITEM,6,2010-12-01T08:26:00.000Z,2.55,10001049,United Kingdom
536365,85123A,FIXTURE ITEM,6,2010-12-01T08:26:00.000Z,2.55,10001050,United Kingdom
536365,85123A,FIXTURE ITEM,6,2010-12-01T08:26:00.000Z,2.55,10001051,United Kingdom
536365,85123A,FIXTURE ITEM,6,2010-12-01T08:26:00.000Z,2.55,10001052,United Kingdom
536365,85123A,FIXTURE ITEM,6,2010-12-01T08:26:00.000Z,2.55,10001053,United Kingdom
536365,85123A,FIXTURE ITEM,6,2010-12-01T08:26:00.000Z,2.55,10001054,United Kingdom
536365,85123A,FIXTURE ITEM,6,2010-12-01T08:26:00.000Z,2.55,10001055,United Kingdom
536365,85123A,FIXTURE ITEM,6,2010-12-01T08:26:00.000Z,2.55,10001056,United Kingdom
536365,85123A,FIXTURE ITEM,6,2010-12-01T08:26:00.000Z,2.55,10001057,United Kingdom
536365,85123A,FIXTURE ITEM,6,2010-12-01T08:26:00.000Z,2.55,10001058,United Kingdom
536365,85123A,FIXTURE ITEM,6,2010-12-01T08:26:00.000Z,2.55,10001059,United Kingdom
536365,85123A,FIXTURE ITEM,6,2010-12-01T08:26:00.000Z,2.55,10001060,United Kingdom
536365,85123A,FIXTURE ITEM,6,2010-12-01T08:26:00.000Z,2.55,10001061,United Kingdom
536365,85123A,FIXTURE ITEM,6,2010-12-01T08:26:00.000Z,2.55,10001062,United Kingdom
536365,85123A,FIXTURE ITEM,6,2010-12-01T08:26:00.000Z,2.55,10001063,United Kingdom
536365,85123A,FIXTURE ITEM,6,2010-12-01T08:26:00.000Z,2.55,10001064,United Kingdom
536365,85123A,FIXTURE ITEM,6,2010-12-01T08:26:00.000Z,2.55,10001065,United Kingdom
536365,85123A,FIXTURE ITEM,6,2010-12-01T08:26:00.000Z,2.55,10001066,United Kingdom
536365,85123A,FIXTURE ITEM,6,2010-12-01T08:26:00.000Z,2.55,10001067,United Kingdom
536365,85123A,FIXTURE ITEM,6,2010-12-01T08:26:00.000Z,2.55,10001068,United Kingdom
536365,85123A,FIXTURE ITEM,6,2010-12-01T08:26:00.000Z,2.55,10001069,United Kingdom
536365,85123A,FIXTURE ITEM,6,2010-12-01T08:26:00.000Z,2.55,10001070,United Kingdom
536365,85123A,FIXTURE ITEM,6,2010-12-01T08:26:00.000Z,2.55,10001071,United Kingdom
536365,85123A,FIXTURE ITEM,6,2010-12-01T08:26:00.000Z,2.55,10001072,United Kingdom
536365,85123A,FIXTURE ITEM,6,2010-12-01T08:26:00.000Z,2.55,10001073,United Kingdom
536365,85123A,FIXTURE ITEM,6,2010-12-01T08:26:00.000Z,2.55,10001074,United Kingdom
536365,85123A,FIXTURE ITEM,6,2010-12-01T08:26:00.000Z,2.55,10001075,United Kingdom
536365,85123A,FIXTURE ITEM,6,2010-12-01T08:26:00.000Z,2.55,10001076,United Kingdom
536365,85123A,FIXTURE ITEM,6,2010-12-01T08:26:00.000Z,2.55,10001077,United Kingdom
536365,85123A,FIXTURE ITEM,6,2010-12-01T08:26:00.000Z,2.55,10001078,United Kingdom
536365,85123A,FIXTURE ITEM,6,2010-12-01T08:26:00.000Z,2.55,10001079,United Kingdom
536365,85123A,FIXTURE ITEM,6,2010-12-01T08:26:00.000Z,2.55,10001080,United Kingdom
536365,85123A,FIXTURE ITEM,6,2010-12-01T08:26:00.000Z,2.55,10001081,United Kingdom
536365,85123A,FIXTURE ITEM,6,2010-12-01T08:26:00.000Z,2.55,10001082,United Kingdom
536365,85123A,FIXTURE ITEM,6,2010-12-01T08:26:00.000Z,2.55,10001083,United Kingdom
536365,85123A,FIXTURE ITEM,6,2010-12-01T08:26:00.000Z,2.55,10001084,United Kingdom
536365,85123A,FIXTURE ITEM,6,2010-12-01T08:26:00.000Z,2.55,10001085,United Kingdom
536365,85123A,FIXTURE ITEM,6,2010-12-01T08:26:00.000Z,2.55,10001086,United Kingdom
536365,85123A,FIXTURE ITEM,6,2010-12-01T08:26:00.000Z,2.55,10001087,United Kingdom
536365,85123A,FIXTURE ITEM,6,2010-12-01T08:26:00.000Z,2.55,10001088,United Kingdom
536365,85123A,FIXTURE ITEM,6,2010-12-01T08:26:00.000Z,2.55,10001089,United Kingdom
536365,85123A,FIXTURE ITEM,6,2010-12-01T08:26:00.000Z,2.55,10001090,United Kingdom
536365,85123A,FIXTURE ITEM,6,2010-12-01T08:26:00.000Z,2.55,10001091,United Kingdom
536365,85123A,FIXTURE ITEM,6,2010-12-01T08:26:00.000Z,2.55,10001092,United Kingdom
536365,85123A,FIXTURE ITEM,6,2010-12-01T08:26:00.000Z,2.55,10001093,United Kingdom
536365,85123A,FIXTURE ITEM,6,2010-12-01T08:26:00.000Z,2.55,10001094,United Kingdom
536365,85123A,FIXTURE ITEM,6,2010-12-01T08:26:00.000Z,2.55,10001095,United Kingdom
536365,85123A,FIXTURE ITEM,6,2010-12-01T08:26:00.000Z,2.55,10001096,United Kingdom
536365,85123A,FIXTURE ITEM,6,2010-12-01T08:26:00.000Z,2.55,10001097,United Kingdom
536365,85123A,FIXTURE ITEM,6,2010-12-01T08:26:00.000Z,2.55,10001098,United Kingdom
536365,85123A,FIXTURE ITEM,6,2010-12-01T08:26:00.000Z,2.55,10001099,United Kingdom
536365,85123A,FIXTURE ITEM,6,2010-12-01T08:26:00.000Z,2.55,10001100,United Kingdom
536365,85123A,FIXTURE ITEM,6,2010-12-01T08:26:00.000Z,2.55,10001101,United Kingdom
536365,85123A,FIXTURE ITEM,6,2010-12-01T08:26:00.000Z,2.55,10001102,United Kingdom
536365,85123A,FIXTURE ITEM,6,2010-12-01T08:26:00.000Z,2.55,10001103,United Kingdom
536365,85123A,FIXTURE ITEM,6,2010-12-01T08:26:00.000Z,2.55,10001104,United Kingdom
536365,85123A,FIXTURE ITEM,6,2010-12-01T08:26:00.000Z,2.55,10001105,United Kingdom
536365,85123A,FIXTURE ITEM,6,2010-12-01T08:26:00.000Z,2.55,10001106,United Kingdom
536365,85123A,FIXTURE ITEM,6,2010-12-01T08:26:00.000Z,2.55,10001107,United Kingdom
536365,85123A,FIXTURE ITEM,6,2010-12-01T08:26:00.000Z,2.55,10001108,United Kingdom
536365,85123A,FIXTURE ITEM,6,2010-12-01T08:26:00.000Z,2.55,10001109,United Kingdom
536365,85123A,FIXTURE ITEM,6,2010-12-01T08:26:00.000Z,2.55,10001110,United Kingdom
536365,85123A,FIXTURE ITEM,6,2010-12-01T08:26:00.000Z,2.55,10001111,United Kingdom
536365,85123A,FIXTURE ITEM,6,2010-12-01T08:26:00.000Z,2.55,10001112,United Kingdom
536365,85123A,FIXTURE ITEM,6,2010-12-01T08:26:00.000Z,2.55,10001113,United Kingdom
536365,85123A,FIXTURE ITEM,6,2010-12-01T08:26:00.000Z,2.55,10001114,United Kingdom
536365,85123A,FIXTURE ITEM,6,2010-12-01T08:26:00.000Z,2.55,10001115,United Kingdom
536365,85123A,FIXTURE ITEM,6,2010-12-01T08:26:00.000Z,2.55,10001116,United Kingdom
536365,85123A,FIXTURE ITEM,6,2010-12-01T08:26:00.000Z,2.55,10001117,United Kingdom
536365,85123A,FIXTURE ITEM,6,2010-12-01T08:26:00.000Z,2.55,10001118,United Kingdom
536365,85123A,FIXTURE ITEM,6,2010-12-01T08:26:00.000Z,2.55,10001119,United Kingdom
536365,85123A,FIXTURE ITEM,6,2010-12-01T08:26:00.000Z,2.55,10001120,United Kingdom
536365,85123A,FIXTURE ITEM,6,2010-12-01T08:26:00.000Z,2.55,10001121,United Kingdom
536365,85123A,FIXTURE ITEM,6,2010-12-01T08:26:00.000Z,2.55,10001122,United Kingdom
536365,85123A,FIXTURE ITEM,6,2010-12-01T08:26:00.000Z,2.55,10001123,United Kingdom
536365,85123A,FIXTURE ITEM,6,2010-12-01T08:26:00.000Z,2.55,10001124,United Kingdom
536365,85123A,FIXTURE ITEM,6,2010-12-01T08:26:00.000Z,2.55,10001125,United Kingdom
536365,85123A,FIXTURE ITEM,6,2010-12-01T08:26:00.000Z,2.55,10001126,United Kingdom
536365,85123A,FIXTURE ITEM,6,2010-12-01T08:26:00.000Z,2.55,10001127,United Kingdom
536365,85123A,FIXTURE ITEM,6,2010-12-01T08:26:00.000Z,2.55,10001128,United Kingdom
536365,85123A,FIXTURE ITEM,6,2010-12-01T08:26:00.000Z,2.55,10001129,United Kingdom
536365,85123A,FIXTURE ITEM,6,2010-12-01T08:26:00.000Z,2.55,10001130,United Kingdom
536365,85123A,FIXTURE ITEM,6,2010-12-01T08:26:00.000Z,2.55,10001131,United Kingdom
536365,85123A,FIXTURE ITEM,6,2010-12-01T08:26:00.000Z,2.55,10001132,United Kingdom
536365,85123A,FIXTURE ITEM,6,2010-12-01T08:26:00.000Z,2.55,10001133,United Kingdom
536365,85123A,FIXTURE ITEM,6,2010-12-01T08:26:00.000Z,2.55,10001134,United Kingdom
536365,85123A,FIXTURE ITEM,6,2010-12-01T08:26:00.000Z,2.55,10001135,United Kingdom
536365,85123A,FIXTURE ITEM,6,2010-12-01T08:26:00.000Z,2.55,10001136,United Kingdom
536365,85123A,FIXTURE ITEM,6,2010-12-01T08:26:00.000Z,2.55,10001137,United Kingdom
536365,85123A,FIXTURE ITEM,6,2010-12-01T08:26:00.000Z,2.55,10001138,United Kingdom
536365,85123A,FIXTURE ITEM,6,2010-12-01T08:26:00.000Z,2.55,10001139,United Kingdom
536365,85123A,FIXTURE ITEM,6,2010-12-01T08:26:00.000Z,2.55,10001140,United Kingdom
536365,85123A,FIXTURE ITEM,6,2010-12-01T08:26:00.000Z,2.55,10001141,United Kingdom
536365,85123A,FIXTURE ITEM,6,2010-12-01T08:26:00.000Z,2.55,10001142,United Kingdom
536365,85123A,FIXTURE ITEM,6,2010-12-01T08:26:00.000Z,2.55,10001143,United Kingdom
536365,85123A,FIXTURE ITEM,6,2010-12-01T08:26:00.000Z,2.55,10001144,United Kingdom
536365,85123A,FIXTURE ITEM,6,2010-12-01T08:26:00.000Z,2.55,10001145,United Kingdom
536365,85123A,FIXTURE ITEM,6,2010-12-01T08:26:00.000Z,2.55,10001146,United Kingdom
536365,85123A,FIXTURE ITEM,6,2010-12-01T08:26:00.000Z,2.55,10001147,United Kingdom
536365,85123A,FIXTURE ITEM,6,2010-12-01T08:26:00.000Z,2.55,10001148,United Kingdom
536365,85123A,FIXTURE ITEM,6,2010-12-01T08:26:00.000Z,2.55,10001149,United Kingdom
536365,85123A,FIXTURE ITEM,6,2010-12-01T08:26:00.000Z,2.55,10001150,United Kingdom
536365,85123A,FIXTURE ITEM,6,2010-12-01T08:26:00.000Z,2.55,10001151,United Kingdom
536365,85123A,FIXTURE ITEM,6,2010-12-01T08:26:00.000Z,2.55,10001152,United Kingdom
536365,85123A,FIXTURE ITEM,6,2010-12-01T08:26:00.000Z,2.55,10001153,United Kingdom
536365,85123A,FIXTURE ITEM,6,2010-12-01T08:26:00.000Z,2.55,10001154,United Kingdom
536365,85123A,FIXTURE ITEM,6,2010-12-01T08:26:00.000Z,2.55,10001155,United Kingdom
536365,85123A,FIXTURE ITEM,6,2010-12-01T08:26:00.000Z,2.55,10001156,United Kingdom
536365,85123A,FIXTURE ITEM,6,2010-12-01T08:26:00.000Z,2.55,10001157,United Kingdom
536365,85123A,FIXTURE ITEM,6,2010-12-01T08:26:00.000Z,2.55,10001158,United Kingdom
536365,85123A,FIXTURE ITEM,6,2010-12-01T08:26:00.000Z,2.55,10001159,United Kingdom
536365,85123A,FIXTURE ITEM,6,2010-12-01T08:26:00.000Z,2.55,10001160,United Kingdom
536365,85123A,FIXTURE ITEM,6,2010-12-01T08:26:00.000Z,2.55,10001161,United Kingdom
536365,85123A,FIXTURE ITEM,6,2010-12-01T08:26:00.000Z,2.55,10001162,United Kingdom
536365,85123A,FIXTURE ITEM,6,2010-12-01T08:26:00.000Z,2.55,10001163,United Kingdom
536365,85123A,FIXTURE ITEM,6,2010-12-01T08:26:00.000Z,2.55,10001164,United Kingdom
536365,85123A,FIXTURE ITEM,6,2010-12-01T08:26:00.000Z,2.55,10001165,United Kingdom
536365,85123A,FIXTURE ITEM,6,2010-12-01T08:26:00.000Z,2.55,10001166,United Kingdom
536365,85123A,FIXTURE ITEM,6,2010-12-01T08:26:00.000Z,2.55,10001167,United Kingdom
536365,85123A,FIXTURE ITEM,6,2010-12-01T08:26:00.000Z,2.55,10001168,United Kingdom
536365,85123A,FIXTURE ITEM,6,2010-12-01T08:26:00.000Z,2.55,10001169,United Kingdom
536365,85123A,FIXTURE ITEM,6,2010-12-01T08:26:00.000Z,2.55,10001170,United Kingdom
536365,85123A,FIXTURE ITEM,6,2010-12-01T08:26:00.000Z,2.55,10001171,United Kingdom
536365,85123A,FIXTURE ITEM,6,2010-12-01T08:26:00.000Z,2.55,10001172,United Kingdom
536365,85123A,FIXTURE ITEM,6,2010-12-01T08:26:00.000Z,2.55,10001173,United Kingdom
536365,85123A,FIXTURE ITEM,6,2010-12-01T08:26:00.000Z,2.55,10001174,United Kingdom
536365,85123A,FIXTURE ITEM,6,2010-12-01T08:26:00.000Z,2.55,10001175,United Kingdom
536365,85123A,FIXTURE ITEM,6,2010-12-01T08:26:00.000Z,2.55,10001176,United Kingdom
536365,85123A,FIXTURE ITEM,6,2010-12-01T08:26:00.000Z,2.55,10001177,United Kingdom
536365,85123A,FIXTURE ITEM,6,2010-12-01T08:26:00.000Z,2.55,10001178,United Kingdom
536365,85123A,FIXTURE ITEM,6,2010-12-01T08:26:00.000Z,2.55,10001179,United Kingdom
536365,85123A,FIXTURE ITEM,6,2010-12-01T08:26:00.000Z,2.55,10001180,United Kingdom
536365,85123A,FIXTURE ITEM,6,2010-12-01T08:26:00.000Z,2.55,10001181,United Kingdom
536365,85123A,FIXTURE ITEM,6,2010-12-01T08:26:00.000Z,2.55,10001182,United Kingdom
536365,85123A,FIXTURE ITEM,6,2010-12-01T08:26:00.000Z,2.55,10001183,United Kingdom
536365,85123A,FIXTURE ITEM,6,2010-12-01T08:26:00.000Z,2.55,10001184,United Kingdom
536365,85123A,FIXTURE ITEM,6,2010-12-01T08:26:00.000Z,2.55,10001185,United Kingdom
536365,85123A,FIXTURE ITEM,6,2010-12-01T08:26:00.000Z,2.55,10001186,United Kingdom
536365,85123A,FIXTURE ITEM,6,2010-12-01T08:26:00.000Z,2.55,10001187,United Kingdom
536365,85123A,FIXTURE ITEM,6,2010-12-01T08:26:00.000Z,2.55,10001188,United Kingdom
536365,85123A,FIXTURE ITEM,6,2010-12-01T08:26:00.000Z,2.55,10001189,United Kingdom
536365,85123A,FIXTURE ITEM,6,2010-12-01T08:26:00.000Z,2.55,10001190,United Kingdom
536365,85123A,FIXTURE ITEM,6,2010-12-01T08:26:00.000Z,2.55,10001191,United Kingdom
536365,85123A,FIXTURE ITEM,6,2010-12-01T08:26:00.000Z,2.55,10001192,United Kingdom
536365,85123A,FIXTURE ITEM,6,2010-12-01T08:26:00.000Z,2.55,10001193,United Kingdom
536365,85123A,FIXTURE ITEM,6,2010-12-01T08:26:00.000Z,2.55,10001194,United Kingdom
536365,85123A,FIXTURE ITEM,6,2010-12-01T08:26:00.000Z,2.55,10001195,United Kingdom
536365,85123A,FIXTURE ITEM,6,2010-12-01T08:26:00.000Z,2.55,10001196,United Kingdom
536365,85123A,FIXTURE ITEM,6,2010-12-01T08:26:00.000Z,2.55,10001197,United Kingdom
536365,85123A,FIXTURE ITEM,6,2010-12-01T08:26:00.000Z,2.55,10001198,United Kingdom
536365,85123A,FIXTURE ITEM,6,2010-12-01T08:26:00.000Z,2.55,10001199,United Kingdom
536365,85123A,FIXTURE ITEM,6,2010-12-01T08:26:00.000Z,2.55,10001200,United Kingdom
536365,85123A,FIXTURE ITEM,6,2010-12-01T08:26:00.000Z,2.55,10001201,United Kingdom
536365,85123A,FIXTURE ITEM,6,2010-12-01T08:26:00.000Z,2.55,10001202,United Kingdom
536365,85123A,FIXTURE ITEM,6,2010-12-01T08:26:00.000Z,2.55,10001203,United Kingdom
536365,85123A,FIXTURE ITEM,6,2010-12-01T08:26:00.000Z,2.55,10001204,United Kingdom
536365,85123A,FIXTURE ITEM,6,2010-12-01T08:26:00.000Z,2.55,10001205,United Kingdom
536365,85123A,FIXTURE ITEM,6,2010-12-01T08:26:00.000Z,2.55,10001206,United Kingdom
536365,85123A,FIXTURE ITEM,6,2010-12-01T08:26:00.000Z,2.55,10001207,United Kingdom
536365,85123A,FIXTURE ITEM,6,2010-12-01T08:26:00.000Z,2.55,10001208,United Kingdom
536365,85123A,FIXTURE ITEM,6,2010-12-01T08:26:00.000Z,2.55,10001209,United Kingdom
536365,85123A,FIXTURE ITEM,6,2010-12-01T08:26:00.000Z,2.55,10001210,United Kingdom
536365,85123A,FIXTURE ITEM,6,2010-12-01T08:26:00.000Z,2.55,10001211,United Kingdom
536365,85123A,FIXTURE ITEM,6,2010-12-01T08:26:00.000Z,2.55,10001212,United Kingdom
536365,85123A,FIXTURE ITEM,6,2010-12-01T08:26:00.000Z,2.55,10001213,United Kingdom
536365,85123A,FIXTURE ITEM,6,2010-12-01T08:26:00.000Z,2.55,10001214,United Kingdom
536365,85123A,FIXTURE ITEM,6,2010-12-01T08:26:00.000Z,2.55,10001215,United Kingdom
536365,85123A,FIXTURE ITEM,6,2010-12-01T08:26:00.000Z,2.55,10001216,United Kingdom
536365,85123A,FIXTURE ITEM,6,2010-12-01T08:26:00.000Z,2.55,10001217,United Kingdom
536365,85123A,FIXTURE ITEM,6,2010-12-01T08:26:00.000Z,2.55,10001218,United Kingdom
536365,85123A,FIXTURE ITEM,6,2010-12-01T08:26:00.000Z,2.55,10001219,United Kingdom
536365,85123A,FIXTURE ITEM,6,2010-12-01T08:26:00.000Z,2.55,10001220,United Kingdom
536365,85123A,FIXTURE ITEM,6,2010-12-01T08:26:00.000Z,2.55,10001221,United Kingdom
536365,85123A,FIXTURE ITEM,6,2010-12-01T08:26:00.000Z,2.55,10001222,United Kingdom
536365,85123A,FIXTURE ITEM,6,2010-12-01T08:26:00.000Z,2.55,10001223,United Kingdom
536365,85123A,FIXTURE ITEM,6,2010-12-01T08:26:00.000Z,2.55,10001224,United Kingdom
536365,85123A,FIXTURE ITEM,6,2010-12-01T08:26:00.000Z,2.55,10001225,United Kingdom
536365,85123A,FIXTURE ITEM,6,2010-12-01T08:26:00.000Z,2.55,10001226,United Kingdom
536365,85123A,FIXTURE ITEM,6,2010-12-01T08:26:00.000Z,2.55,10001227,United Kingdom
536365,85123A,FIXTURE ITEM,6,2010-12-01T08:26:00.000Z,2.55,10001228,United Kingdom
536365,85123A,FIXTURE ITEM,6,2010-12-01T08:26:00.000Z,2.55,10001229,United Kingdom
536365,85123A,FIXTURE ITEM,6,2010-12-01T08:26:00.000Z,2.55,10001230,United Kingdom
536365,85123A,FIXTURE ITEM,6,2010-12-01T08:26:00.000Z,2.55,10001231,United Kingdom
536365,85123A,FIXTURE ITEM,6,2010-12-01T08:26:00.000Z,2.55,10001232,United Kingdom
536365,85123A,FIXTURE ITEM,6,2010-12-01T08:26:00.000Z,2.55,10001233,United Kingdom
536365,85123A,FIXTURE ITEM,6,2010-12-01T08:26:00.000Z,2.55,10001234,United Kingdom
536365,85123A,FIXTURE ITEM,6,2010-12-01T08:26:00.000Z,2.55,10001235,United Kingdom
536365,85123A,FIXTURE ITEM,6,2010-12-01T08:26:00.000Z,2.55,10001236,United Kingdom
536365,85123A,FIXTURE ITEM,6,2010-12-01T08:26:00.000Z,2.55,10001237,United Kingdom
536365,85123A,FIXTURE ITEM,6,2010-12-01T08:26:00.000Z,2.55,10001238,United Kingdom
536365,85123A,FIXTURE ITEM,6,2010-12-01T08:26:00.000Z,2.55,10001239,United Kingdom
536365,85123A,FIXTURE ITEM,6,2010-12-01T08:26:00.000Z,2.55,10001240,United Kingdom
536365,85123A,FIXTURE ITEM,6,2010-12-01T08:26:00.000Z,2.55,10001241,United Kingdom
536365,85123A,FIXTURE ITEM,6,2010-12-01T08:26:00.000Z,2.55,10001242,United Kingdom
536365,85123A,FIXTURE ITEM,6,2010-12-01T08:26:00.000Z,2.55,10001243,United Kingdom
536365,85123A,FIXTURE ITEM,6,2010-12-01T08:26:00.000Z,2.55,10001244,United Kingdom
536365,85123A,FIXTURE ITEM,6,2010-12-01T08:26:00.000Z,2.55,10001245,United Kingdom
536365,85123A,FIXTURE ITEM,6,2010-12-01T08:26:00.000Z,2.55,10001246,United Kingdom
536365,85123A,FIXTURE ITEM,6,2010-12-01T08:26:00.000Z,2.55,10001247,United Kingdom
536365,85123A,FIXTURE ITEM,6,2010-12-01T08:26:00.000Z,2.55,10001248,United Kingdom
536365,85123A,FIXTURE ITEM,6,2010-12-01T08:26:00.000Z,2.55,10001249,United Kingdom
536365,85123A,FIXTURE ITEM,6,2010-12-01T08:26:00.000Z,2.55,10001250,United Kingdom
536365,85123A,FIXTURE ITEM,6,2010-12-01T08:26:00.000Z,2.55,10001251,United Kingdom
536365,85123A,FIXTURE ITEM,6,2010-12-01T08:26:00.000Z,2.55,10001252,United Kingdom
536365,85123A,FIXTURE ITEM,6,2010-12-01T08:26:00.000Z,2.55,10001253,United Kingdom
536365,85123A,FIXTURE ITEM,6,2010-12-01T08:26:00.000Z,2.55,10001254,United Kingdom
536365,85123A,FIXTURE ITEM,6,2010-12-01T08:26:00.000Z,2.55,10001255,United Kingdom
536365,85123A,FIXTURE ITEM,6,2010-12-01T08:26:00.000Z,2.55,10001256,United Kingdom
536365,85123A,FIXTURE ITEM,6,2010-12-01T08:26:00.000Z,2.55,10001257,United Kingdom
536365,85123A,FIXTURE ITEM,6,2010-12-01T08:26:00.000Z,2.55,10001258,United Kingdom
536365,85123A,FIXTURE ITEM,6,2010-12-01T08:26:00.000Z,2.55,10001259,United Kingdom
536365,85123A,FIXTURE ITEM,6,2010-12-01T08:26:00.000Z,2.55,10001260,United Kingdom
536365,85123A,FIXTURE ITEM,6,2010-12-01T08:26:00.000Z,2.55,10001261,United Kingdom
536365,85123A,FIXTURE ITEM,6,2010-12-01T08:26:00.000Z,2.55,10001262,United Kingdom
536365,85123A,FIXTURE ITEM,6,2010-12-01T08:26:00.000Z,2.55,10001263,United Kingdom
536365,85123A,FIXTURE ITEM,6,2010-12-01T08:26:00.000Z,2.55,10001264,United Kingdom
536365,85123A,FIXTURE ITEM,6,2010-12-01T08:26:00.000Z,2.55,10001265,United Kingdom
536365,85123A,FIXTURE ITEM,6,2010-12-01T08:26:00.000Z,2.55,10001266,United Kingdom
536365,85123A,FIXTURE ITEM,6,2010-12-01T08:26:00.000Z,2.55,10001267,United Kingdom
536365,85123A,FIXTURE ITEM,6,2010-12-01T08:26:00.000Z,2.55,10001268,United Kingdom
536365,85123A,FIXTURE ITEM,6,2010-12-01T08:26:00.000Z,2.55,10001269,United Kingdom
536365,85123A,FIXTURE ITEM,6,2010-12-01T08:26:00.000Z,2.55,10001270,United Kingdom
536365,85123A,FIXTURE ITEM,6,2010-12-01T08:26:00.000Z,2.55,10001271,United Kingdom
536365,85123A,FIXTURE ITEM,6,2010-12-01T08:26:00.000Z,2.55,10001272,United Kingdom
536365,85123A,FIXTURE ITEM,6,2010-12-01T08:26:00.000Z,2.55,10001273,United Kingdom
536365,85123A,FIXTURE ITEM,6,2010-12-01T08:26:00.000Z,2.55,10001274,United Kingdom
536365,85123A,FIXTURE ITEM,6,2010-12-01T08:26:00.000Z,2.55,10001275,United Kingdom
536365,85123A,FIXTURE ITEM,6,2010-12-01T08:26:00.000Z,2.55,10001276,United Kingdom
536365,85123A,FIXTURE ITEM,6,2010-12-01T08:26:00.000Z,2.55,10001277,United Kingdom
536365,85123A,FIXTURE ITEM,6,2010-12-01T08:26:00.000Z,2.55,10001278,United Kingdom
536365,85123A,FIXTURE ITEM,6,2010-12-01T08:26:00.000Z,2.55,10001279,United Kingdom
536365,85123A,FIXTURE ITEM,6,2010-12-01T08:26:00.000Z,2.55,10001280,United Kingdom
536365,85123A,FIXTURE ITEM,6,2010-12-01T08:26:00.000Z,2.55,10001281,United Kingdom
536365,85123A,FIXTURE ITEM,6,2010-12-01T08:26:00.000Z,2.55,10001282,United Kingdom
536365,85123A,FIXTURE ITEM,6,2010-12-01T08:26:00.000Z,2.55,10001283,United Kingdom
536365,85123A,FIXTURE ITEM,6,2010-12-01T08:26:00.000Z,2.55,10001284,United Kingdom
536365,85123A,FIXTURE ITEM,6,2010-12-01T08:26:00.000Z,2.55,10001285,United Kingdom
536365,85123A,FIXTURE ITEM,6,2010-12-01T08:26:00.000Z,2.55,10001286,United Kingdom
536365,85123A,FIXTURE ITEM,6,2010-12-01T08:26:00.000Z,2.55,10001287,United Kingdom
536365,85123A,FIXTURE ITEM,6,2010-12-01T08:26:00.000Z,2.55,10001288,United Kingdom
536365,85123A,FIXTURE ITEM,6,2010-12-01T08:26:00.000Z,2.55,10001289,United Kingdom
536365,85123A,FIXTURE ITEM,6,2010-12-01T08:26:00.000Z,2.55,10001290,United Kingdom
536365,85123A,FIXTURE ITEM,6,2010-12-01T08:26:00.000Z,2.55,10001291,United Kingdom
536365,85123A,FIXTURE ITEM,6,2010-12-01T08:26:00.000Z,2.55,10001292,United Kingdom
536365,85123A,FIXTURE ITEM,6,2010-12-01T08:26:00.000Z,2.55,10001293,United Kingdom
536365,85123A,FIXTURE ITEM,6,2010-12-01T08:26:00.000Z,2.55,10001294,United Kingdom
536365,85123A,FIXTURE ITEM,6,2010-12-01T08:26:00.000Z,2.55,10001295,United Kingdom
536365,85123A,FIXTURE ITEM,6,2010-12-01T08:26:00.000Z,2.55,10001296,United Kingdom
536365,85123A,FIXTURE ITEM,6,2010-12-01T08:26:00.000Z,2.55,10001297,United Kingdom
536365,85123A,FIXTURE ITEM,6,2010-12-01T08:26:00.000Z,2.55,10001298,United Kingdom
536365,85123A,FIXTURE ITEM,6,2010-12-01T08:26:00.000Z,2.55,10001299,United Kingdom
536365,85123A,FIXTURE ITEM,6,2010-12-01T08:26:00.000Z,2.55,10001300,United Kingdom
536365,85123A,FIXTURE ITEM,6,2010-12-01T08:26:00.000Z,2.55,10001301,United Kingdom
536365,85123A,FIXTURE ITEM,6,2010-12-01T08:26:00.000Z,2.55,10001302,United Kingdom
536365,85123A,FIXTURE ITEM,6,2010-12-01T08:26:00.000Z,2.55,10001303,United Kingdom
536365,85123A,FIXTURE ITEM,6,2010-12-01T08:26:00.000Z,2.55,10001304,United Kingdom
536365,85123A,FIXTURE ITEM,6,2010-12-01T08:26:00.000Z,2.55,10001305,United Kingdom
536365,85123A,FIXTURE ITEM,6,2010-12-01T08:26:00.000Z,2.55,10001306,United Kingdom
536365,85123A,FIXTURE ITEM,6,2010-12-01T08:26:00.000Z,2.55,10001307,United Kingdom
536365,85123A,FIXTURE ITEM,6,2010-12-01T08:26:00.000Z,2.55,10001308,United Kingdom
536365,85123A,FIXTURE ITEM,6,2010-12-01T08:26:00.000Z,2.55,10001309,United Kingdom
536365,85123A,FIXTURE ITEM,6,2010-12-01T08:26:00.000Z,2.55,10001310,United Kingdom
536365,85123A,FIXTURE ITEM,6,2010-12-01T08:26:00.000Z,2.55,10001311,United Kingdom
536365,85123A,FIXTURE ITEM,6,2010-12-01T08:26:00.000Z,2.55,10001312,United Kingdom
536365,85123A,FIXTURE ITEM,6,2010-12-01T08:26:00.000Z,2.55,10001313,United Kingdom
536365,85123A,FIXTURE ITEM,6,2010-12-01T08:26:00.000Z,2.55,10001314,United Kingdom
536365,85123A,FIXTURE ITEM,6,2010-12-01T08:26:00.000Z,2.55,10001315,United Kingdom
536365,85123A,FIXTURE ITEM,6,2010-12-01T08:26:00.000Z,2.55,10001316,United Kingdom
536365,85123A,FIXTURE ITEM,6,2010-12-01T08:26:00.000Z,2.55,10001317,United Kingdom
536365,85123A,FIXTURE ITEM,6,2010-12-01T08:26:00.000Z,2.55,10001318,United Kingdom
536365,85123A,FIXTURE ITEM,6,2010-12-01T08:26:00.000Z,2.55,10001319,United Kingdom
536365,85123A,FIXTURE ITEM,6,2010-12-01T08:26:00.000Z,2.55,10001320,United Kingdom
536365,85123A,FIXTURE ITEM,6,2010-12-01T08:26:00.000Z,2.55,10001321,United Kingdom
536365,85123A,FIXTURE ITEM,6,2010-12-01T08:26:00.000Z,2.55,10001322,United Kingdom
536365,85123A,FIXTURE ITEM,6,2010-12-01T08:26:00.000Z,2.55,10001323,United Kingdom
536365,85123A,FIXTURE ITEM,6,2010-12-01T08:26:00.000Z,2.55,10001324,United Kingdom
536365,85123A,FIXTURE ITEM,6,2010-12-01T08:26:00.000Z,2.55,10001325,United Kingdom
536365,85123A,FIXTURE ITEM,6,2010-12-01T08:26:00.000Z,2.55,10001326,United Kingdom
536365,85123A,FIXTURE ITEM,6,2010-12-01T08:26:00.000Z,2.55,10001327,United Kingdom
536365,85123A,FIXTURE ITEM,6,2010-12-01T08:26:00.000Z,2.55,10001328,United Kingdom
536365,85123A,FIXTURE ITEM,6,2010-12-01T08:26:00.000Z,2.55,10001329,United Kingdom
536365,85123A,FIXTURE ITEM,6,2010-12-01T08:26:00.000Z,2.55,10001330,United Kingdom
536365,85123A,FIXTURE ITEM,6,2010-12-01T08:26:00.000Z,2.55,10001331,United Kingdom
536365,85123A,FIXTURE ITEM,6,2010-12-01T08:26:00.000Z,2.55,10001332,United Kingdom
536365,85123A,FIXTURE ITEM,6,2010-12-01T08:26:00.000Z,2.55,10001333,United Kingdom
536365,85123A,FIXTURE ITEM,6,2010-12-01T08:26:00.000Z,2.55,10001334,United Kingdom
536365,85123A,FIXTURE ITEM,6,2010-12-01T08:26:00.000Z,2.55,10001335,United Kingdom
536365,85123A,FIXTURE ITEM,6,2010-12-01T08:26:00.000Z,2.55,10001336,United Kingdom
536365,85123A,FIXTURE ITEM,6,2010-12-01T08:26:00.000Z,2.55,10001337,United Kingdom
536365,85123A,FIXTURE ITEM,6,2010-12-01T08:26:00.000Z,2.55,10001338,United Kingdom
536365,85123A,FIXTURE ITEM,6,2010-12-01T08:26:00.000Z,2.55,10001339,United Kingdom
536365,85123A,FIXTURE ITEM,6,2010-12-01T08:26:00.000Z,2.55,10001340,United Kingdom
536365,85123A,FIXTURE ITEM,6,2010-12-01T08:26:00.000Z,2.55,10001341,United Kingdom
536365,85123A,FIXTURE ITEM,6,2010-12-01T08:26:00.000Z,2.55,10001342,United Kingdom
536365,85123A,FIXTURE ITEM,6,2010-12-01T08:26:00.000Z,2.55,10001343,United Kingdom
536365,85123A,FIXTURE ITEM,6,2010-12-01T08:26:00.000Z,2.55,10001344,United Kingdom
536365,85123A,FIXTURE ITEM,6,2010-12-01T08:26:00.000Z,2.55,10001345,United Kingdom
536365,85123A,FIXTURE ITEM,6,2010-12-01T08:26:00.000Z,2.55,10001346,United Kingdom
536365,85123A,FIXTURE ITEM,6,2010-12-01T08:26:00.000Z,2.55,10001347,United Kingdom
536365,85123A,FIXTURE ITEM,6,2010-12-01T08:26:00.000Z,2.55,10001348,United Kingdom
536365,85123A,FIXTURE ITEM,6,2010-12-01T08:26:00.000Z,2.55,10001349,United Kingdom
536365,85123A,FIXTURE ITEM,6,2010-12-01T08:26:00.000Z,2.55,10001350,United Kingdom
536365,85123A,FIXTURE ITEM,6,2010-12-01T08:26:00.000Z,2.55,10001351,United Kingdom
536365,85123A,FIXTURE ITEM,6,2010-12-01T08:26:00.000Z,2.55,10001352,United Kingdom
536365,85123A,FIXTURE ITEM,6,2010-12-01T08:26:00.000Z,2.55,10001353,United Kingdom
536365,85123A,FIXTURE ITEM,6,2010-12-01T08:26:00.000Z,2.55,10001354,United Kingdom
536365,85123A,FIXTURE ITEM,6,2010-12-01T08:26:00.000Z,2.55,10001355,United Kingdom
536365,85123A,FIXTURE ITEM,6,2010-12-01T08:26:00.000Z,2.55,10001356,United Kingdom
536365,85123A,FIXTURE ITEM,6,2010-12-01T08:26:00.000Z,2.55,10001357,United Kingdom
536365,85123A,FIXTURE ITEM,6,2010-12-01T08:26:00.000Z,2.55,10001358,United Kingdom
536365,85123A,FIXTURE ITEM,6,2010-12-01T08:26:00.000Z,2.55,10001359,United Kingdom
536365,85123A,FIXTURE ITEM,6,2010-12-01T08:26:00.000Z,2.55,10001360,United Kingdom
536365,85123A,FIXTURE ITEM,6,2010-12-01T08:26:00.000Z,2.55,10001361,United Kingdom
536365,85123A,FIXTURE ITEM,6,2010-12-01T08:26:00.000Z,2.55,10001362,United Kingdom
536365,85123A,FIXTURE ITEM,6,2010-12-01T08:26:00.000Z,2.55,10001363,United Kingdom
536365,85123A,FIXTURE ITEM,6,2010-12-01T08:26:00.000Z,2.55,10001364,United Kingdom
536365,85123A,FIXTURE ITEM,6,2010-12-01T08:26:00.000Z,2.55,10001365,United Kingdom
536365,85123A,FIXTURE ITEM,6,2010-12-01T08:26:00.000Z,2.55,10001366,United Kingdom
536365,85123A,FIXTURE ITEM,6,2010-12-01T08:26:00.000Z,2.55,10001367,United Kingdom
536365,85123A,FIXTURE ITEM,6,2010-12-01T08:26:00.000Z,2.55,10001368,United Kingdom
536365,85123A,FIXTURE ITEM,6,2010-12-01T08:26:00.000Z,2.55,10001369,United Kingdom
536365,85123A,FIXTURE ITEM,6,2010-12-01T08:26:00.000Z,2.55,10001370,United Kingdom
536365,85123A,FIXTURE ITEM,6,2010-12-01T08:26:00.000Z,2.55,10001371,United Kingdom
536365,85123A,FIXTURE ITEM,6,2010-12-01T08:26:00.000Z,2.55,10001372,United Kingdom
536365,85123A,FIXTURE ITEM,6,2010-12-01T08:26:00.000Z,2.55,10001373,United Kingdom
536365,85123A,FIXTURE ITEM,6,2010-12-01T08:26:00.000Z,2.55,10001374,United Kingdom
536365,85123A,FIXTURE ITEM,6,2010-12-01T08:26:00.000Z,2.55,10001375,United Kingdom
536365,85123A,FIXTURE ITEM,6,2010-12-01T08:26:00.000Z,2.55,10001376,United Kingdom
536365,85123A,FIXTURE ITEM,6,2010-12-01T08:26:00.000Z,2.55,10001377,United Kingdom
536365,85123A,FIXTURE ITEM,6,2010-12-01T08:26:00.000Z,2.55,10001378,United Kingdom
536365,85123A,FIXTURE ITEM,6,2010-12-01T08:26:00.000Z,2.55,10001379,United Kingdom
536365,85123A,FIXTURE ITEM,6,2010-12-01T08:26:00.000Z,2.55,10001380,United Kingdom
536365,85123A,FIXTURE ITEM,6,2010-12-01T08:26:00.000Z,2.55,10001381,United Kingdom
536365,85123A,FIXTURE ITEM,6,2010-12-01T08:26:00.000Z,2.55,10001382,United Kingdom
536365,85123A,FIXTURE ITEM,6,2010-12-01T08:26:00.000Z,2.55,10001383,United Kingdom
536365,85123A,FIXTURE ITEM,6,2010-12-01T08:26:00.000Z,2.55,10001384,United Kingdom
536365,85123A,FIXTURE ITEM,6,2010-12-01T08:26:00.000Z,2.55,10001385,United Kingdom
536365,85123A,FIXTURE ITEM,6,2010-12-01T08:26:00.000Z,2.55,10001386,United Kingdom
536365,85123A,FIXTURE ITEM,6,2010-12-01T08:26:00.000Z,2.55,10001387,United Kingdom
536365,85123A,FIXTURE ITEM,6,2010-12-01T08:26:00.000Z,2.55,10001388,United Kingdom
536365,85123A,FIXTURE ITEM,6,2010-12-01T08:26:00.000Z,2.55,10001389,United Kingdom
536365,85123A,FIXTURE ITEM,6,2010-12-01T08:26:00.000Z,2.55,10001390,United Kingdom
536365,85123A,FIXTURE ITEM,6,2010-12-01T08:26:00.000Z,2.55,10001391,United Kingdom
536365,85123A,FIXTURE ITEM,6,2010-12-01T08:26:00.000Z,2.55,10001392,United Kingdom
536365,85123A,FIXTURE ITEM,6,2010-12-01T08:26:00.000Z,2.55,10001393,United Kingdom
536365,85123A,FIXTURE ITEM,6,2010-12-01T08:26:00.000Z,2.55,10001394,United Kingdom
536365,85123A,FIXTURE ITEM,6,2010-12-01T08:26:00.000Z,2.55,10001395,United Kingdom
536365,85123A,FIXTURE ITEM,6,2010-12-01T08:26:00.000Z,2.55,10001396,United Kingdom
536365,85123A,FIXTURE ITEM,6,2010-12-01T08:26:00.000Z,2.55,10001397,United Kingdom
536365,85123A,FIXTURE ITEM,6,2010-12-01T08:26:00.000Z,2.55,10001398,United Kingdom
536365,85123A,FIXTURE ITEM,6,2010-12-01T08:26:00.000Z,2.55,10001399,United Kingdom
536365,85123A,FIXTURE ITEM,6,2010-12-01T08:26:00.000Z,2.55,10001400,United Kingdom
536365,85123A,FIXTURE ITEM,6,2010-12-01T08:26:00.000Z,2.55,10001401,United Kingdom
536365,85123A,FIXTURE ITEM,6,2010-12-01T08:26:00.000Z,2.55,10001402,United Kingdom
536365,85123A,FIXTURE ITEM,6,2010-12-01T08:26:00.000Z,2.55,10001403,United Kingdom
536365,85123A,FIXTURE ITEM,6,2010-12-01T08:26:00.000Z,2.55,10001404,United Kingdom
536365,85123A,FIXTURE ITEM,6,2010-12-01T08:26:00.000Z,2.55,10001405,United Kingdom
536365,85123A,FIXTURE ITEM,6,2010-12-01T08:26:00.000Z,2.55,10001406,United Kingdom
536365,85123A,FIXTURE ITEM,6,2010-12-01T08:26:00.000Z,2.55,10001407,United Kingdom
536365,85123A,FIXTURE ITEM,6,2010-12-01T08:26:00.000Z,2.55,10001408,United Kingdom
536365,85123A,FIXTURE ITEM,6,2010-12-01T08:26:00.000Z,2.55,10001409,United Kingdom
536365,85123A,FIXTURE ITEM,6,2010-12-01T08:26:00.000Z,2.55,10001410,United Kingdom
536365,85123A,FIXTURE ITEM,6,2010-12-01T08:26:00.000Z,2.55,10001411,United Kingdom
536365,85123A,FIXTURE ITEM,6,2010-12-01T08:26:00.000Z,2.55,10001412,United Kingdom
536365,85123A,FIXTURE ITEM,6,2010-12-01T08:26:00.000Z,2.55,10001413,United Kingdom
536365,85123A,FIXTURE ITEM,6,2010-12-01T08:26:00.000Z,2.55,10001414,United Kingdom
536365,85123A,FIXTURE ITEM,6,2010-12-01T08:26:00.000Z,2.55,10001415,United Kingdom
536365,85123A,FIXTURE ITEM,6,2010-12-01T08:26:00.000Z,2.55,10001416,United Kingdom
536365,85123A,FIXTURE ITEM,6,2010-12-01T08:26:00.000Z,2.55,10001417,United Kingdom
536365,85123A,FIXTURE ITEM,6,2010-12-01T08:26:00.000Z,2.55,10001418,United Kingdom
536365,85123A,FIXTURE ITEM,6,2010-12-01T08:26:00.000Z,2.55,10001419,United Kingdom
536365,85123A,FIXTURE ITEM,6,2010-12-01T08:26:00.000Z,2.55,10001420,United Kingdom
536365,85123A,FIXTURE ITEM,6,2010-12-01T08:26:00.000Z,2.55,10001421,United Kingdom
536365,85123A,FIXTURE ITEM,6,2010-12-01T08:26:00.000Z,2.55,10001422,United Kingdom
536365,85123A,FIXTURE ITEM,6,2010-12-01T08:26:00.000Z,2.55,10001423,United Kingdom
536365,85123A,FIXTURE ITEM,6,2010-12-01T08:26:00.000Z,2.55,10001424,United Kingdom
536365,85123A,FIXTURE ITEM,6,2010-12-01T08:26:00.000Z,2.55,10001425,United Kingdom
536365,85123A,FIXTURE ITEM,6,2010-12-01T08:26:00.000Z,2.55,10001426,United Kingdom
536365,85123A,FIXTURE ITEM,6,2010-12-01T08:26:00.000Z,2.55,10001427,United Kingdom
536365,85123A,FIXTURE ITEM,6,2010-12-01T08:26:00.000Z,2.55,10001428,United Kingdom
536365,85123A,FIXTURE ITEM,6,2010-12-01T08:26:00.000Z,2.55,10001429,United Kingdom
536365,85123A,FIXTURE ITEM,6,2010-12-01T08:26:00.000Z,2.55,10001430,United Kingdom
536365,85123A,FIXTURE ITEM,6,2010-12-01T08:26:00.000Z,2.55,10001431,United Kingdom
536365,85123A,FIXTURE ITEM,6,2010-12-01T08:26:00.000Z,2.55,10001432,United Kingdom
536365,85123A,FIXTURE ITEM,6,2010-12-01T08:26:00.000Z,2.55,10001433,United Kingdom
536365,85123A,FIXTURE ITEM,6,2010-12-01T08:26:00.000Z,2.55,10001434,United Kingdom
536365,85123A,FIXTURE ITEM,6,2010-12-01T08:26:00.000Z,2.55,10001435,United Kingdom
536365,85123A,FIXTURE ITEM,6,2010-12-01T08:26:00.000Z,2.55,10001436,United Kingdom
536365,85123A,FIXTURE ITEM,6,2010-12-01T08:26:00.000Z,2.55,10001437,United Kingdom
536365,85123A,FIXTURE ITEM,6,2010-12-01T08:26:00.000Z,2.55,10001438,United Kingdom
536365,85123A,FIXTURE ITEM,6,2010-12-01T08:26:00.000Z,2.55,10001439,United Kingdom
536365,85123A,FIXTURE ITEM,6,2010-12-01T08:26:00.000Z,2.55,10001440,United Kingdom
536365,85123A,FIXTURE ITEM,6,2010-12-01T08:26:00.000Z,2.55,10001441,United Kingdom
536365,85123A,FIXTURE ITEM,6,2010-12-01T08:26:00.000Z,2.55,10001442,United Kingdom
536365,85123A,FIXTURE ITEM,6,2010-12-01T08:26:00.000Z,2.55,10001443,United Kingdom
536365,85123A,FIXTURE ITEM,6,2010-12-01T08:26:00.000Z,2.55,10001444,United Kingdom
536365,85123A,FIXTURE ITEM,6,2010-12-01T08:26:00.000Z,2.55,10001445,United Kingdom
536365,85123A,FIXTURE ITEM,6,2010-12-01T08:26:00.000Z,2.55,10001446,United Kingdom
536365,85123A,FIXTURE ITEM,6,2010-12-01T08:26:00.000Z,2.55,10001447,United Kingdom
536365,85123A,FIXTURE ITEM,6,2010-12-01T08:26:00.000Z,2.55,10001448,United Kingdom
536365,85123A,FIXTURE ITEM,6,2010-12-01T08:26:00.000Z,2.55,10001449,United Kingdom
536365,85123A,FIXTURE ITEM,6,2010-12-01T08:26:00.000Z,2.55,10001450,United Kingdom
536365,85123A,FIXTURE ITEM,6,2010-12-01T08:26:00.000Z,2.55,10001451,United Kingdom
536365,85123A,FIXTURE ITEM,6,2010-12-01T08:26:00.000Z,2.55,10001452,United Kingdom
536365,85123A,FIXTURE ITEM,6,2010-12-01T08:26:00.000Z,2.55,10001453,United Kingdom
536365,85123A,FIXTURE ITEM,6,2010-12-01T08:26:00.000Z,2.55,10001454,United Kingdom
536365,85123A,FIXTURE ITEM,6,2010-12-01T08:26:00.000Z,2.55,10001455,United Kingdom
536365,85123A,FIXTURE ITEM,6,2010-12-01T08:26:00.000Z,2.55,10001456,United Kingdom
536365,85123A,FIXTURE ITEM,6,2010-12-01T08:26:00.000Z,2.55,10001457,United Kingdom
536365,85123A,FIXTURE ITEM,6,2010-12-01T08:26:00.000Z,2.55,10001458,United Kingdom
536365,85123A,FIXTURE ITEM,6,2010-12-01T08:26:00.000Z,2.55,10001459,United Kingdom
536365,85123A,FIXTURE ITEM,6,2010-12-01T08:26:00.000Z,2.55,10001460,United Kingdom
536365,85123A,FIXTURE ITEM,6,2010-12-01T08:26:00.000Z,2.55,10001461,United Kingdom
536365,85123A,FIXTURE ITEM,6,2010-12-01T08:26:00.000Z,2.55,10001462,United Kingdom
536365,85123A,FIXTURE ITEM,6,2010-12-01T08:26:00.000Z,2.55,10001463,United Kingdom
536365,85123A,FIXTURE ITEM,6,2010-12-01T08:26:00.000Z,2.55,10001464,United Kingdom
536365,85123A,FIXTURE ITEM,6,2010-12-01T08:26:00.000Z,2.55,10001465,United Kingdom
536365,85123A,FIXTURE ITEM,6,2010-12-01T08:26:00.000Z,2.55,10001466,United Kingdom
536365,85123A,FIXTURE ITEM,6,2010-12-01T08:26:00.000Z,2.55,10001467,United Kingdom
536365,85123A,FIXTURE ITEM,6,2010-12-01T08:26:00.000Z,2.55,10001468,United Kingdom
536365,85123A,FIXTURE ITEM,6,2010-12-01T08:26:00.000Z,2.55,10001469,United Kingdom
536365,85123A,FIXTURE ITEM,6,2010-12-01T08:26:00.000Z,2.55,10001470,United Kingdom
536365,85123A,FIXTURE ITEM,6,2010-12-01T08:26:00.000Z,2.55,10001471,United Kingdom
536365,85123A,FIXTURE ITEM,6,2010-12-01T08:26:00.000Z,2.55,10001472,United Kingdom
536365,85123A,FIXTURE ITEM,6,2010-12-01T08:26:00.000Z,2.55,10001473,United Kingdom
536365,85123A,FIXTURE ITEM,6,2010-12-01T08:26:00.000Z,2.55,10001474,United Kingdom
536365,85123A,FIXTURE ITEM,6,2010-12-01T08:26:00.000Z,2.55,10001475,United Kingdom
536365,85123A,FIXTURE ITEM,6,2010-12-01T08:26:00.000Z,2.55,10001476,United Kingdom
536365,85123A,FIXTURE ITEM,6,2010-12-01T08:26:00.000Z,2.55,10001477,United Kingdom
536365,85123A,FIXTURE ITEM,6,2010-12-01T08:26:00.000Z,2.55,10001478,United Kingdom
536365,85123A,FIXTURE ITEM,6,2010-12-01T08:26:00.000Z,2.55,10001479,United Kingdom
536365,85123A,FIXTURE ITEM,6,2010-12-01T08:26:00.000Z,2.55,10001480,United Kingdom
536365,85123A,FIXTURE ITEM,6,2010-12-01T08:26:00.000Z,2.55,10001481,United Kingdom
536365,85123A,FIXTURE ITEM,6,2010-12-01T08:26:00.000Z,2.55,10001482,United Kingdom
536365,85123A,FIXTURE ITEM,6,2010-12-01T08:26:00.000Z,2.55,10001483,United Kingdom
536365,85123A,FIXTURE ITEM,6,2010-12-01T08:26:00.000Z,2.55,10001484,United Kingdom
536365,85123A,FIXTURE ITEM,6,2010-12-01T08:26:00.000Z,2.55,10001485,United Kingdom
536365,85123A,FIXTURE ITEM,6,2010-12-01T08:26:00.000Z,2.55,10001486,United Kingdom
536365,85123A,FIXTURE ITEM,6,2010-12-01T08:26:00.000Z,2.55,10001487,United Kingdom
536365,85123A,FIXTURE ITEM,6,2010-12-01T08:26:00.000Z,2.55,10001488,United Kingdom
536365,85123A,FIXTURE ITEM,6,2010-12-01T08:26:00.000Z,2.55,10001489,United Kingdom
536365,85123A,FIXTURE ITEM,6,2010-12-01T08:26:00.000Z,2.55,10001490,United Kingdom
536365,85123A,FIXTURE ITEM,6,2010-12-01T08:26:00.000Z,2.55,10001491,United Kingdom
536365,85123A,FIXTURE ITEM,6,2010-12-01T08:26:00.000Z,2.55,10001492,United Kingdom
536365,85123A,FIXTURE ITEM,6,2010-12-01T08:26:00.000Z,2.55,10001493,United Kingdom
536365,85123A,FIXTURE ITEM,6,2010-12-01T08:26:00.000Z,2.55,10001494,United Kingdom
536365,85123A,FIXTURE ITEM,6,2010-12-01T08:26:00.000Z,2.55,10001495,United Kingdom
536365,85123A,FIXTURE ITEM,6,2010-12-01T08:26:00.000Z,2.55,10001496,United Kingdom
536365,85123A,FIXTURE ITEM,6,2010-12-01T08:26:00.000Z,2.55,10001497,United Kingdom
536365,85123A,FIXTURE ITEM,6,2010-12-01T08:26:00.000Z,2.55,10001498,United Kingdom
536365,85123A,FIXTURE ITEM,6,2010-12-01T08:26:00.000Z,2.55,10001499,United Kingdom
536365,85123A,FIXTURE ITEM,6,2010-12-01T08:26:00.000Z,2.55,10001500,United Kingdom
536365,85123A,FIXTURE ITEM,6,2010-12-01T08:26:00.000Z,2.55,10001501,United Kingdom
536365,85123A,FIXTURE ITEM,6,2010-12-01T08:26:00.000Z,2.55,10001502,United Kingdom
536365,85123A,FIXTURE ITEM,6,2010-12-01T08:26:00.000Z,2.55,10001503,United Kingdom
536365,85123A,FIXTURE ITEM,6,2010-12-01T08:26:00.000Z,2.55,10001504,United Kingdom
536365,85123A,FIXTURE ITEM,6,2010-12-01T08:26:00.000Z,2.55,10001505,United Kingdom
536365,85123A,FIXTURE ITEM,6,2010-12-01T08:26:00.000Z,2.55,10001506,United Kingdom
536365,85123A,FIXTURE ITEM,6,2010-12-01T08:26:00.000Z,2.55,10001507,United Kingdom
536365,85123A,FIXTURE ITEM,6,2010-12-01T08:26:00.000Z,2.55,10001508,United Kingdom
536365,85123A,FIXTURE ITEM,6,2010-12-01T08:26:00.000Z,2.55,10001509,United Kingdom
536365,85123A,FIXTURE ITEM,6,2010-12-01T08:26:00.000Z,2.55,10001510,United Kingdom
536365,85123A,FIXTURE ITEM,6,2010-12-01T08:26:00.000Z,2.55,10001511,United Kingdom
536365,85123A,FIXTURE ITEM,6,2010-12-01T08:26:00.000Z,2.55,10001512,United Kingdom
536365,85123A,FIXTURE ITEM,6,2010-12-01T08:26:00.000Z,2.55,10001513,United Kingdom
536365,85123A,FIXTURE ITEM,6,2010-12-01T08:26:00.000Z,2.55,10001514,United Kingdom
536365,85123A,FIXTURE ITEM,6,2010-12-01T08:26:00.000Z,2.55,10001515,United Kingdom
536365,85123A,FIXTURE ITEM,6,2010-12-01T08:26:00.000Z,2.55,10001516,United Kingdom
536365,85123A,FIXTURE ITEM,6,2010-12-01T08:26:00.000Z,2.55,10001517,United Kingdom
536365,85123A,FIXTURE ITEM,6,2010-12-01T08:26:00.000Z,2.55,10001518,United Kingdom
536365,85123A,FIXTURE ITEM,6,2010-12-01T08:26:00.000Z,2.55,10001519,United Kingdom
536365,85123A,FIXTURE ITEM,6,2010-12-01T08:26:00.000Z,2.55,10001520,United Kingdom
536365,85123A,FIXTURE ITEM,6,2010-12-01T08:26:00.000Z,2.55,10001521,United Kingdom
536365,85123A,FIXTURE ITEM,6,2010-12-01T08:26:00.000Z,2.55,10001522,United Kingdom
536365,85123A,FIXTURE ITEM,6,2010-12-01T08:26:00.000Z,2.55,10001523,United Kingdom
536365,85123A,FIXTURE ITEM,6,2010-12-01T08:26:00.000Z,2.55,10001524,United Kingdom
536365,85123A,FIXTURE ITEM,6,2010-12-01T08:26:00.000Z,2.55,10001525,United Kingdom
536365,85123A,FIXTURE ITEM,6,2010-12-01T08:26:00.000Z,2.55,10001526,United Kingdom
536365,85123A,FIXTURE ITEM,6,2010-12-01T08:26:00.000Z,2.55,10001527,United Kingdom
536365,85123A,FIXTURE ITEM,6,2010-12-01T08:26:00.000Z,2.55,10001528,United Kingdom
536365,85123A,FIXTURE ITEM,6,2010-12-01T08:26:00.000Z,2.55,10001529,United Kingdom
536365,85123A,FIXTURE ITEM,6,2010-12-01T08:26:00.000Z,2.55,10001530,United Kingdom
536365,85123A,FIXTURE ITEM,6,2010-12-01T08:26:00.000Z,2.55,10001531,United Kingdom
536365,85123A,FIXTURE ITEM,6,2010-12-01T08:26:00.000Z,2.55,10001532,United Kingdom
536365,85123A,FIXTURE ITEM,6,2010-12-01T08:26:00.000Z,2.55,10001533,United Kingdom
536365,85123A,FIXTURE ITEM,6,2010-12-01T08:26:00.000Z,2.55,10001534,United Kingdom
536365,85123A,FIXTURE ITEM,6,2010-12-01T08:26:00.000Z,2.55,10001535,United Kingdom
536365,85123A,FIXTURE ITEM,6,2010-12-01T08:26:00.000Z,2.55,10001536,United Kingdom
536365,85123A,FIXTURE ITEM,6,2010-12-01T08:26:00.000Z,2.55,10001537,United Kingdom
536365,85123A,FIXTURE ITEM,6,2010-12-01T08:26:00.000Z,2.55,10001538,United Kingdom
536365,85123A,FIXTURE ITEM,6,2010-12-01T08:26:00.000Z,2.55,10001539,United Kingdom
536365,85123A,FIXTURE ITEM,6,2010-12-01T08:26:00.000Z,2.55,10001540,United Kingdom
536365,85123A,FIXTURE ITEM,6,2010-12-01T08:26:00.000Z,2.55,10001541,United Kingdom
536365,85123A,FIXTURE ITEM,6,2010-12-01T08:26:00.000Z,2.55,10001542,United Kingdom
536365,85123A,FIXTURE ITEM,6,2010-12-01T08:26:00.000Z,2.55,10001543,United Kingdom
536365,85123A,FIXTURE ITEM,6,2010-12-01T08:26:00.000Z,2.55,10001544,United Kingdom
536365,85123A,FIXTURE ITEM,6,2010-12-01T08:26:00.000Z,2.55,10001545,United Kingdom
536365,85123A,FIXTURE ITEM,6,2010-12-01T08:26:00.000Z,2.55,10001546,United Kingdom
536365,85123A,FIXTURE ITEM,6,2010-12-01T08:26:00.000Z,2.55,10001547,United Kingdom
536365,85123A,FIXTURE ITEM,6,2010-12-01T08:26:00.000Z,2.55,10001548,United Kingdom
536365,85123A,FIXTURE ITEM,6,2010-12-01T08:26:00.000Z,2.55,10001549,United Kingdom
536365,85123A,FIXTURE ITEM,6,2010-12-01T08:26:00.000Z,2.55,10001550,United Kingdom
536365,85123A,FIXTURE ITEM,6,2010-12-01T08:26:00.000Z,2.55,10001551,United Kingdom
536365,85123A,FIXTURE ITEM,6,2010-12-01T08:26:00.000Z,2.55,10001552,United Kingdom
536365,85123A,FIXTURE ITEM,6,2010-12-01T08:26:00.000Z,2.55,10001553,United Kingdom
536365,85123A,FIXTURE ITEM,6,2010-12-01T08:26:00.000Z,2.55,10001554,United Kingdom
536365,85123A,FIXTURE ITEM,6,2010-12-01T08:26:00.000Z,2.55,10001555,United Kingdom
536365,85123A,FIXTURE ITEM,6,2010-12-01T08:26:00.000Z,2.55,10001556,United Kingdom
536365,85123A,FIXTURE ITEM,6,2010-12-01T08:26:00.000Z,2.55,10001557,United Kingdom
536365,85123A,FIXTURE ITEM,6,2010-12-01T08:26:00.000Z,2.55,10001558,United Kingdom
536365,85123A,FIXTURE ITEM,6,2010-12-01T08:26:00.000Z,2.55,10001559,United Kingdom
536365,85123A,FIXTURE ITEM,6,2010-12-01T08:26:00.000Z,2.55,10001560,United Kingdom
536365,85123A,FIXTURE ITEM,6,2010-12-01T08:26:00.000Z,2.55,10001561,United Kingdom
536365,85123A,FIXTURE ITEM,6,2010-12-01T08:26:00.000Z,2.55,10001562,United Kingdom
536365,85123A,FIXTURE ITEM,6,2010-12-01T08:26:00.000Z,2.55,10001563,United Kingdom
536365,85123A,FIXTURE ITEM,6,2010-12-01T08:26:00.000Z,2.55,10001564,United Kingdom
536365,85123A,FIXTURE ITEM,6,2010-12-01T08:26:00.000Z,2.55,10001565,United Kingdom
536365,85123A,FIXTURE ITEM,6,2010-12-01T08:26:00.000Z,2.55,10001566,United Kingdom
536365,85123A,FIXTURE ITEM,6,2010-12-01T08:26:00.000Z,2.55,10001567,United Kingdom
536365,85123A,FIXTURE ITEM,6,2010-12-01T08:26:00.000Z,2.55,10001568,United Kingdom
536365,85123A,FIXTURE ITEM,6,2010-12-01T08:26:00.000Z,2.55,10001569,United Kingdom
536365,85123A,FIXTURE ITEM,6,2010-12-01T08:26:00.000Z,2.55,10001570,United Kingdom
536365,85123A,FIXTURE ITEM,6,2010-12-01T08:26:00.000Z,2.55,10001571,United Kingdom
536365,85123A,FIXTURE ITEM,6,2010-12-01T08:26:00.000Z,2.55,10001572,United Kingdom
536365,85123A,FIXTURE ITEM,6,2010-12-01T08:26:00.000Z,2.55,10001573,United Kingdom
536365,85123A,FIXTURE ITEM,6,2010-12-01T08:26:00.000Z,2.55,10001574,United Kingdom
536365,85123A,FIXTURE ITEM,6,2010-12-01T08:26:00.000Z,2.55,10001575,United Kingdom
536365,85123A,FIXTURE ITEM,6,2010-12-01T08:26:00.000Z,2.55,10001576,United Kingdom
536365,85123A,FIXTURE ITEM,6,2010-12-01T08:26:00.000Z,2.55,10001577,United Kingdom
536365,85123A,FIXTURE ITEM,6,2010-12-01T08:26:00.000Z,2.55,10001578,United Kingdom
536365,85123A,FIXTURE ITEM,6,2010-12-01T08:26:00.000Z,2.55,10001579,United Kingdom
536365,85123A,FIXTURE ITEM,6,2010-12-01T08:26:00.000Z,2.55,10001580,United Kingdom
536365,85123A,FIXTURE ITEM,6,2010-12-01T08:26:00.000Z,2.55,10001581,United Kingdom
536365,85123A,FIXTURE ITEM,6,2010-12-01T08:26:00.000Z,2.55,10001582,United Kingdom
536365,85123A,FIXTURE ITEM,6,2010-12-01T08:26:00.000Z,2.55,10001583,United Kingdom
536365,85123A,FIXTURE ITEM,6,2010-12-01T08:26:00.000Z,2.55,10001584,United Kingdom
536365,85123A,FIXTURE ITEM,6,2010-12-01T08:26:00.000Z,2.55,10001585,United Kingdom
536365,85123A,FIXTURE ITEM,6,2010-12-01T08:26:00.000Z,2.55,10001586,United Kingdom
536365,85123A,FIXTURE ITEM,6,2010-12-01T08:26:00.000Z,2.55,10001587,United Kingdom
536365,85123A,FIXTURE ITEM,6,2010-12-01T08:26:00.000Z,2.55,10001588,United Kingdom
536365,85123A,FIXTURE ITEM,6,2010-12-01T08:26:00.000Z,2.55,10001589,United Kingdom
536365,85123A,FIXTURE ITEM,6,2010-12-01T08:26:00.000Z,2.55,10001590,United Kingdom
536365,85123A,FIXTURE ITEM,6,2010-12-01T08:26:00.000Z,2.55,10001591,United Kingdom
536365,85123A,FIXTURE ITEM,6,2010-12-01T08:26:00.000Z,2.55,10001592,United Kingdom
536365,85123A,FIXTURE ITEM,6,2010-12-01T08:26:00.000Z,2.55,10001593,United Kingdom
536365,85123A,FIXTURE ITEM,6,2010-12-01T08:26:00.000Z,2.55,10001594,United Kingdom
536365,85123A,FIXTURE ITEM,6,2010-12-01T08:26:00.000Z,2.55,10001595,United Kingdom
536365,85123A,FIXTURE ITEM,6,2010-12-01T08:26:00.000Z,2.55,10001596,United Kingdom
536365,85123A,FIXTURE ITEM,6,2010-12-01T08:26:00.000Z,2.55,10001597,United Kingdom
536365,85123A,FIXTURE ITEM,6,2010-12-01T08:26:00.000Z,2.55,10001598,United Kingdom
536365,85123A,FIXTURE ITEM,6,2010-12-01T08:26:00.000Z,2.55,10001599,United Kingdom
536365,85123A,FIXTURE ITEM,6,2010-12-01T08:26:00.000Z,2.55,10001600,United Kingdom
536365,85123A,FIXTURE ITEM,6,2010-12-01T08:26:00.000Z,2.55,10001601,United Kingdom
536365,85123A,FIXTURE ITEM,6,2010-12-01T08:26:00.000Z,2.55,10001602,United Kingdom
536365,85123A,FIXTURE ITEM,6,2010-12-01T08:26:00.000Z,2.55,10001603,United Kingdom
536365,85123A,FIXTURE ITEM,6,2010-12-01T08:26:00.000Z,2.55,10001604,United Kingdom
536365,85123A,FIXTURE ITEM,6,2010-12-01T08:26:00.000Z,2.55,10001605,United Kingdom
536365,85123A,FIXTURE ITEM,6,2010-12-01T08:26:00.000Z,2.55,10001606,United Kingdom
536365,85123A,FIXTURE ITEM,6,2010-12-01T08:26:00.000Z,2.55,10001607,United Kingdom
536365,85123A,FIXTURE ITEM,6,2010-12-01T08:26:00.000Z,2.55,10001608,United Kingdom
536365,85123A,FIXTURE ITEM,6,2010-12-01T08:26:00.000Z,2.55,10001609,United Kingdom
536365,85123A,FIXTURE ITEM,6,2010-12-01T08:26:00.000Z,2.55,10001610,United Kingdom
536365,85123A,FIXTURE ITEM,6,2010-12-01T08:26:00.000Z,2.55,10001611,United Kingdom
536365,85123A,FIXTURE ITEM,6,2010-12-01T08:26:00.000Z,2.55,10001612,United Kingdom
536365,85123A,FIXTURE ITEM,6,2010-12-01T08:26:00.000Z,2.55,10001613,United Kingdom
536365,85123A,FIXTURE ITEM,6,2010-12-01T08:26:00.000Z,2.55,10001614,United Kingdom
536365,85123A,FIXTURE ITEM,6,2010-12-01T08:26:00.000Z,2.55,10001615,United Kingdom
536365,85123A,FIXTURE ITEM,6,2010-12-01T08:26:00.000Z,2.55,10001616,United Kingdom
536365,85123A,FIXTURE ITEM,6,2010-12-01T08:26:00.000Z,2.55,10001617,United Kingdom
536365,85123A,FIXTURE ITEM,6,2010-12-01T08:26:00.000Z,2.55,10001618,United Kingdom
536365,85123A,FIXTURE ITEM,6,2010-12-01T08:26:00.000Z,2.55,10001619,United Kingdom
536365,85123A,FIXTURE ITEM,6,2010-12-01T08:26:00.000Z,2.55,10001620,United Kingdom
536365,85123A,FIXTURE ITEM,6,2010-12-01T08:26:00.000Z,2.55,10001621,United Kingdom
536365,85123A,FIXTURE ITEM,6,2010-12-01T08:26:00.000Z,2.55,10001622,United Kingdom
536365,85123A,FIXTURE ITEM,6,2010-12-01T08:26:00.000Z,2.55,10001623,United Kingdom
536365,85123A,FIXTURE ITEM,6,2010-12-01T08:26:00.000Z,2.55,10001624,United Kingdom
536365,85123A,FIXTURE ITEM,6,2010-12-01T08:26:00.000Z,2.55,10001625,United Kingdom
536365,85123A,FIXTURE ITEM,6,2010-12-01T08:26:00.000Z,2.55,10001626,United Kingdom
536365,85123A,FIXTURE ITEM,6,2010-12-01T08:26:00.000Z,2.55,10001627,United Kingdom
536365,85123A,FIXTURE ITEM,6,2010-12-01T08:26:00.000Z,2.55,10001628,United Kingdom
536365,85123A,FIXTURE ITEM,6,2010-12-01T08:26:00.000Z,2.55,10001629,United Kingdom
536365,85123A,FIXTURE ITEM,6,2010-12-01T08:26:00.000Z,2.55,10001630,United Kingdom
536365,85123A,FIXTURE ITEM,6,2010-12-01T08:26:00.000Z,2.55,10001631,United Kingdom
536365,85123A,FIXTURE ITEM,6,2010-12-01T08:26:00.000Z,2.55,10001632,United Kingdom
536365,85123A,FIXTURE ITEM,6,2010-12-01T08:26:00.000Z,2.55,10001633,United Kingdom
536365,85123A,FIXTURE ITEM,6,2010-12-01T08:26:00.000Z,2.55,10001634,United Kingdom
536365,85123A,FIXTURE ITEM,6,2010-12-01T08:26:00.000Z,2.55,10001635,United Kingdom
536365,85123A,FIXTURE ITEM,6,2010-12-01T08:26:00.000Z,2.55,10001636,United Kingdom
536365,85123A,FIXTURE ITEM,6,2010-12-01T08:26:00.000Z,2.55,10001637,United Kingdom
536365,85123A,FIXTURE ITEM,6,2010-12-01T08:26:00.000Z,2.55,10001638,United Kingdom
536365,85123A,FIXTURE ITEM,6,2010-12-01T08:26:00.000Z,2.55,10001639,United Kingdom
536365,85123A,FIXTURE ITEM,6,2010-12-01T08:26:00.000Z,2.55,10001640,United Kingdom
536365,85123A,FIXTURE ITEM,6,2010-12-01T08:26:00.000Z,2.55,10001641,United Kingdom
536365,85123A,FIXTURE ITEM,6,2010-12-01T08:26:00.000Z,2.55,10001642,United Kingdom
536365,85123A,FIXTURE ITEM,6,2010-12-01T08:26:00.000Z,2.55,10001643,United Kingdom
536365,85123A,FIXTURE ITEM,6,2010-12-01T08:26:00.000Z,2.55,10001644,United Kingdom
536365,85123A,FIXTURE ITEM,6,2010-12-01T08:26:00.000Z,2.55,10001645,United Kingdom
536365,85123A,FIXTURE ITEM,6,2010-12-01T08:26:00.000Z,2.55,10001646,United Kingdom
536365,85123A,FIXTURE ITEM,6,2010-12-01T08:26:00.000Z,2.55,10001647,United Kingdom
536365,85123A,FIXTURE ITEM,6,2010-12-01T08:26:00.000Z,2.55,10001648,United Kingdom
536365,85123A,FIXTURE ITEM,6,2010-12-01T08:26:00.000Z,2.55,10001649,United Kingdom
536365,85123A,FIXTURE ITEM,6,2010-12-01T08:26:00.000Z,2.55,10001650,United Kingdom
536365,85123A,FIXTURE ITEM,6,2010-12-01T08:26:00.000Z,2.55,10001651,United Kingdom
536365,85123A,FIXTURE ITEM,6,2010-12-01T08:26:00.000Z,2.55,10001652,United Kingdom
536365,85123A,FIXTURE ITEM,6,2010-12-01T08:26:00.000Z,2.55,10001653,United Kingdom
536365,85123A,FIXTURE ITEM,6,2010-12-01T08:26:00.000Z,2.55,10001654,United Kingdom
536365,85123A,FIXTURE ITEM,6,2010-12-01T08:26:00.000Z,2.55,10001655,United Kingdom
536365,85123A,FIXTURE ITEM,6,2010-12-01T08:26:00.000Z,2.55,10001656,United Kingdom
536365,85123A,FIXTURE ITEM,6,2010-12-01T08:26:00.000Z,2.55,10001657,United Kingdom
536365,85123A,FIXTURE ITEM,6,2010-12-01T08:26:00.000Z,2.55,10001658,United Kingdom
536365,85123A,FIXTURE ITEM,6,2010-12-01T08:26:00.000Z,2.55,10001659,United Kingdom
536365,85123A,FIXTURE ITEM,6,2010-12-01T08:26:00.000Z,2.55,10001660,United Kingdom
536365,85123A,FIXTURE ITEM,6,2010-12-01T08:26:00.000Z,2.55,10001661,United Kingdom
536365,85123A,FIXTURE ITEM,6,2010-12-01T08:26:00.000Z,2.55,10001662,United Kingdom
536365,85123A,FIXTURE ITEM,6,2010-12-01T08:26:00.000Z,2.55,10001663,United Kingdom
536365,85123A,FIXTURE ITEM,6,2010-12-01T08:26:00.000Z,2.55,10001664,United Kingdom
536365,85123A,FIXTURE ITEM,6,2010-12-01T08:26:00.000Z,2.55,10001665,United Kingdom
536365,85123A,FIXTURE ITEM,6,2010-12-01T08:26:00.000Z,2.55,10001666,United Kingdom
536365,85123A,FIXTURE ITEM,6,2010-12-01T08:26:00.000Z,2.55,10001667,United Kingdom
536365,85123A,FIXTURE ITEM,6,2010-12-01T08:26:00.000Z,2.55,10001668,United Kingdom
536365,85123A,FIXTURE ITEM,6,2010-12-01T08:26:00.000Z,2.55,10001669,United Kingdom
536365,85123A,FIXTURE ITEM,6,2010-12-01T08:26:00.000Z,2.55,10001670,United Kingdom
536365,85123A,FIXTURE ITEM,6,2010-12-01T08:26:00.000Z,2.55,10001671,United Kingdom
536365,85123A,FIXTURE ITEM,6,2010-12-01T08:26:00.000Z,2.55,10001672,United Kingdom
536365,85123A,FIXTURE ITEM,6,2010-12-01T08:26:00.000Z,2.55,10001673,United Kingdom
536365,85123A,FIXTURE ITEM,6,2010-12-01T08:26:00.000Z,2.55,10001674,United Kingdom
536365,85123A,FIXTURE ITEM,6,2010-12-01T08:26:00.000Z,2.55,10001675,United Kingdom
536365,85123A,FIXTURE ITEM,6,2010-12-01T08:26:00.000Z,2.55,10001676,United Kingdom
536365,85123A,FIXTURE ITEM,6,2010-12-01T08:26:00.000Z,2.55,10001677,United Kingdom
536365,85123A,FIXTURE ITEM,6,2010-12-01T08:26:00.000Z,2.55,10001678,United Kingdom
536365,85123A,FIXTURE ITEM,6,2010-12-01T08:26:00.000Z,2.55,10001679,United Kingdom
536365,85123A,FIXTURE ITEM,6,2010-12-01T08:26:00.000Z,2.55,10001680,United Kingdom
536365,85123A,FIXTURE ITEM,6,2010-12-01T08:26:00.000Z,2.55,10001681,United Kingdom
536365,85123A,FIXTURE ITEM,6,2010-12-01T08:26:00.000Z,2.55,10001682,United Kingdom
536365,85123A,FIXTURE ITEM,6,2010-12-01T08:26:00.000Z,2.55,10001683,United Kingdom
536365,85123A,FIXTURE ITEM,6,2010-12-01T08:26:00.000Z,2.55,10001684,United Kingdom
536365,85123A,FIXTURE ITEM,6,2010-12-01T08:26:00.000Z,2.55,10001685,United Kingdom
536365,85123A,FIXTURE ITEM,6,2010-12-01T08:26:00.000Z,2.55,10001686,United Kingdom
536365,85123A,FIXTURE ITEM,6,2010-12-01T08:26:00.000Z,2.55,10001687,United Kingdom
536365,85123A,FIXTURE ITEM,6,2010-12-01T08:26:00.000Z,2.55,10001688,United Kingdom
536365,85123A,FIXTURE ITEM,6,2010-12-01T08:26:00.000Z,2.55,10001689,United Kingdom
536365,85123A,FIXTURE ITEM,6,2010-12-01T08:26:00.000Z,2.55,10001690,United Kingdom
536365,85123A,FIXTURE ITEM,6,2010-12-01T08:26:00.000Z,2.55,10001691,United Kingdom
536365,85123A,FIXTURE ITEM,6,2010-12-01T08:26:00.000Z,2.55,10001692,United Kingdom
536365,85123A,FIXTURE ITEM,6,2010-12-01T08:26:00.000Z,2.55,10001693,United Kingdom
536365,85123A,FIXTURE ITEM,6,2010-12-01T08:26:00.000Z,2.55,10001694,United Kingdom
536365,85123A,FIXTURE ITEM,6,2010-12-01T08:26:00.000Z,2.55,10001695,United Kingdom
536365,85123A,FIXTURE ITEM,6,2010-12-01T08:26:00.000Z,2.55,10001696,United Kingdom
536365,85123A,FIXTURE ITEM,6,2010-12-01T08:26:00.000Z,2.55,10001697,United Kingdom
536365,85123A,FIXTURE ITEM,6,2010-12-01T08:26:00.000Z,2.55,10001698,United Kingdom
536365,85123A,FIXTURE ITEM,6,2010-12-01T08:26:00.000Z,2.55,10001699,United Kingdom
536365,85123A,FIXTURE ITEM,6,2010-12-01T08:26:00.000Z,2.55,10001700,United Kingdom
536365,85123A,FIXTURE ITEM,6,2010-12-01T08:26:00.000Z,2.55,10001701,United Kingdom
536365,85123A,FIXTURE ITEM,6,2010-12-01T08:26:00.000Z,2.55,10001702,United Kingdom
536365,85123A,FIXTURE ITEM,6,2010-12-01T08:26:00.000Z,2.55,10001703,United Kingdom
536365,85123A,FIXTURE ITEM,6,2010-12-01T08:26:00.000Z,2.55,10001704,United Kingdom
536365,85123A,FIXTURE ITEM,6,2010-12-01T08:26:00.000Z,2.55,10001705,United Kingdom
536365,85123A,FIXTURE ITEM,6,2010-12-01T08:26:00.000Z,2.55,10001706,United Kingdom
536365,85123A,FIXTURE ITEM,6,2010-12-01T08:26:00.000Z,2.55,10001707,United Kingdom
536365,85123A,FIXTURE ITEM,6,2010-12-01T08:26:00.000Z,2.55,10001708,United Kingdom
536365,85123A,FIXTURE ITEM,6,2010-12-01T08:26:00.000Z,2.55,10001709,United Kingdom
536365,85123A,FIXTURE ITEM,6,2010-12-01T08:26:00.000Z,2.55,10001710,United Kingdom
536365,85123A,FIXTURE ITEM,6,2010-12-01T08:26:00.000Z,2.55,10001711,United Kingdom
536365,85123A,FIXTURE ITEM,6,2010-12-01T08:26:00.000Z,2.55,10001712,United Kingdom
536365,85123A,FIXTURE ITEM,6,2010-12-01T08:26:00.000Z,2.55,10001713,United Kingdom
536365,85123A,FIXTURE ITEM,6,2010-12-01T08:26:00.000Z,2.55,10001714,United Kingdom
536365,85123A,FIXTURE ITEM,6,2010-12-01T08:26:00.000Z,2.55,10001715,United Kingdom
536365,85123A,FIXTURE ITEM,6,2010-12-01T08:26:00.000Z,2.55,10001716,United Kingdom
536365,85123A,FIXTURE ITEM,6,2010-12-01T08:26:00.000Z,2.55,10001717,United Kingdom
536365,85123A,FIXTURE ITEM,6,2010-12-01T08:26:00.000Z,2.55,10001718,United Kingdom
536365,85123A,FIXTURE ITEM,6,2010-12-01T08:26:00.000Z,2.55,10001719,United Kingdom
536365,85123A,FIXTURE ITEM,6,2010-12-01T08:26:00.000Z,2.55,10001720,United Kingdom
536365,85123A,FIXTURE ITEM,6,2010-12-01T08:26:00.000Z,2.55,10001721,United Kingdom
536365,85123A,FIXTURE ITEM,6,2010-12-01T08:26:00.000Z,2.55,10001722,United Kingdom
536365,85123A,FIXTURE ITEM,6,2010-12-01T08:26:00.000Z,2.55,10001723,United Kingdom
536365,85123A,FIXTURE ITEM,6,2010-12-01T08:26:00.000Z,2.55,10001724,United Kingdom
536365,85123A,FIXTURE ITEM,6,2010-12-01T08:26:00.000Z,2.55,10001725,United Kingdom
536365,85123A,FIXTURE ITEM,6,2010-12-01T08:26:00.000Z,2.55,10001726,United Kingdom
536365,85123A,FIXTURE ITEM,6,2010-12-01T08:26:00.000Z,2.55,10001727,United Kingdom
536365,85123A,FIXTURE ITEM,6,2010-12-01T08:26:00.000Z,2.55,10001728,United Kingdom
536365,85123A,FIXTURE ITEM,6,2010-12-01T08:26:00.000Z,2.55,10001729,United Kingdom
536365,85123A,FIXTURE ITEM,6,2010-12-01T08:26:00.000Z,2.55,10001730,United Kingdom
536365,85123A,FIXTURE ITEM,6,2010-12-01T08:26:00.000Z,2.55,10001731,United Kingdom
536365,85123A,FIXTURE ITEM,6,2010-12-01T08:26:00.000Z,2.55,10001732,United Kingdom
536365,85123A,FIXTURE ITEM,6,2010-12-01T08:26:00.000Z,2.55,10001733,United Kingdom
536365,85123A,FIXTURE ITEM,6,2010-12-01T08:26:00.000Z,2.55,10001734,United Kingdom
536365,85123A,FIXTURE ITEM,6,2010-12-01T08:26:00.000Z,2.55,10001735,United Kingdom
536365,85123A,FIXTURE ITEM,6,2010-12-01T08:26:00.000Z,2.55,10001736,United Kingdom
536365,85123A,FIXTURE ITEM,6,2010-12-01T08:26:00.000Z,2.55,10001737,United Kingdom
536365,85123A,FIXTURE ITEM,6,2010-12-01T08:26:00.000Z,2.55,10001738,United Kingdom
536365,85123A,FIXTURE ITEM,6,2010-12-01T08:26:00.000Z,2.55,10001739,United Kingdom
536365,85123A,FIXTURE ITEM,6,2010-12-01T08:26:00.000Z,2.55,10001740,United Kingdom
536365,85123A,FIXTURE ITEM,6,2010-12-01T08:26:00.000Z,2.55,10001741,United Kingdom
536365,85123A,FIXTURE ITEM,6,2010-12-01T08:26:00.000Z,2.55,10001742,United Kingdom
536365,85123A,FIXTURE ITEM,6,2010-12-01T08:26:00.000Z,2.55,10001743,United Kingdom
536365,85123A,FIXTURE ITEM,6,2010-12-01T08:26:00.000Z,2.55,10001744,United Kingdom
536365,85123A,FIXTURE ITEM,6,2010-12-01T08:26:00.000Z,2.55,10001745,United Kingdom
536365,85123A,FIXTURE ITEM,6,2010-12-01T08:26:00.000Z,2.55,10001746,United Kingdom
536365,85123A,FIXTURE ITEM,6,2010-12-01T08:26:00.000Z,2.55,10001747,United Kingdom
536365,85123A,FIXTURE ITEM,6,2010-12-01T08:26:00.000Z,2.55,10001748,United Kingdom
536365,85123A,FIXTURE ITEM,6,2010-12-01T08:26:00.000Z,2.55,10001749,United Kingdom
536365,85123A,FIXTURE ITEM,6,2010-12-01T08:26:00.000Z,2.55,10001750,United Kingdom
536365,85123A,FIXTURE ITEM,6,2010-12-01T08:26:00.000Z,2.55,10001751,United Kingdom
536365,85123A,FIXTURE ITEM,6,2010-12-01T08:26:00.000Z,2.55,10001752,United Kingdom
536365,85123A,FIXTURE ITEM,6,2010-12-01T08:26:00.000Z,2.55,10001753,United Kingdom
536365,85123A,FIXTURE ITEM,6,2010-12-01T08:26:00.000Z,2.55,10001754,United Kingdom
536365,85123A,FIXTURE ITEM,6,2010-12-01T08:26:00.000Z,2.55,10001755,United Kingdom
536365,85123A,FIXTURE ITEM,6,2010-12-01T08:26:00.000Z,2.55,10001756,United Kingdom
536365,85123A,FIXTURE ITEM,6,2010-12-01T08:26:00.000Z,2.55,10001757,United Kingdom
536365,85123A,FIXTURE ITEM,6,2010-12-01T08:26:00.000Z,2.55,10001758,United Kingdom
536365,85123A,FIXTURE ITEM,6,2010-12-01T08:26:00.000Z,2.55,10001759,United Kingdom
536365,85123A,FIXTURE ITEM,6,2010-12-01T08:26:00.000Z,2.55,10001760,United Kingdom
536365,85123A,FIXTURE ITEM,6,2010-12-01T08:26:00.000Z,2.55,10001761,United Kingdom
536365,85123A,FIXTURE ITEM,6,2010-12-01T08:26:00.000Z,2.55,10001762,United Kingdom
536365,85123A,FIXTURE ITEM,6,2010-12-01T08:26:00.000Z,2.55,10001763,United Kingdom
536365,85123A,FIXTURE ITEM,6,2010-12-01T08:26:00.000Z,2.55,10001764,United Kingdom
536365,85123A,FIXTURE ITEM,6,2010-12-01T08:26:00.000Z,2.55,10001765,United Kingdom
536365,85123A,FIXTURE ITEM,6,2010-12-01T08:26:00.000Z,2.55,10001766,United Kingdom
536365,85123A,FIXTURE ITEM,6,2010-12-01T08:26:00.000Z,2.55,10001767,United Kingdom
536365,85123A,FIXTURE ITEM,6,2010-12-01T08:26:00.000Z,2.55,10001768,United Kingdom
536365,85123A,FIXTURE ITEM,6,2010-12-01T08:26:00.000Z,2.55,10001769,United Kingdom
536365,85123A,FIXTURE ITEM,6,2010-12-01T08:26:00.000Z,2.55,10001770,United Kingdom
536365,85123A,FIXTURE ITEM,6,2010-12-01T08:26:00.000Z,2.55,10001771,United Kingdom
536365,85123A,FIXTURE ITEM,6,2010-12-01T08:26:00.000Z,2.55,10001772,United Kingdom
536365,85123A,FIXTURE ITEM,6,2010-12-01T08:26:00.000Z,2.55,10001773,United Kingdom
536365,85123A,FIXTURE ITEM,6,2010-12-01T08:26:00.000Z,2.55,10001774,United Kingdom
536365,85123A,FIXTURE ITEM,6,2010-12-01T08:26:00.000Z,2.55,10001775,United Kingdom
536365,85123A,FIXTURE ITEM,6,2010-12-01T08:26:00.000Z,2.55,10001776,United Kingdom
536365,85123A,FIXTURE ITEM,6,2010-12-01T08:26:00.000Z,2.55,10001777,United Kingdom
536365,85123A,FIXTURE ITEM,6,2010-12-01T08:26:00.000Z,2.55,10001778,United Kingdom
536365,85123A,FIXTURE ITEM,6,2010-12-01T08:26:00.000Z,2.55,10001779,United Kingdom
536365,85123A,FIXTURE ITEM,6,2010-12-01T08:26:00.000Z,2.55,10001780,United Kingdom
536365,85123A,FIXTURE ITEM,6,2010-12-01T08:26:00.000Z,2.55,10001781,United Kingdom
536365,85123A,FIXTURE ITEM,6,2010-12-01T08:26:00.000Z,2.55,10001782,United Kingdom
536365,85123A,FIXTURE ITEM,6,2010-12-01T08:26:00.000Z,2.55,10001783,United Kingdom
536365,85123A,FIXTURE ITEM,6,2010-12-01T08:26:00.000Z,2.55,10001784,United Kingdom
536365,85123A,FIXTURE ITEM,6,2010-12-01T08:26:00.000Z,2.55,10001785,United Kingdom
536365,85123A,FIXTURE ITEM,6,2010-12-01T08:26:00.000Z,2.55,10001786,United Kingdom
536365,85123A,FIXTURE ITEM,6,2010-12-01T08:26:00.000Z,2.55,10001787,United Kingdom
536365,85123A,FIXTURE ITEM,6,2010-12-01T08:26:00.000Z,2.55,10001788,United Kingdom
536365,85123A,FIXTURE ITEM,6,2010-12-01T08:26:00.000Z,2.55,10001789,United Kingdom
536365,85123A,FIXTURE ITEM,6,2010-12-01T08:26:00.000Z,2.55,10001790,United Kingdom
536365,85123A,FIXTURE ITEM,6,2010-12-01T08:26:00.000Z,2.55,10001791,United Kingdom
536365,85123A,FIXTURE ITEM,6,2010-12-01T08:26:00.000Z,2.55,10001792,United Kingdom
536365,85123A,FIXTURE ITEM,6,2010-12-01T08:26:00.000Z,2.55,10001793,United Kingdom
536365,85123A,FIXTURE ITEM,6,2010-12-01T08:26:00.000Z,2.55,10001794,United Kingdom
536365,85123A,FIXTURE ITEM,6,2010-12-01T08:26:00.000Z,2.55,10001795,United Kingdom
536365,85123A,FIXTURE ITEM,6,2010-12-01T08:26:00.000Z,2.55,10001796,United Kingdom
536365,85123A,FIXTURE ITEM,6,2010-12-01T08:26:00.000Z,2.55,10001797,United Kingdom
536365,85123A,FIXTURE ITEM,6,2010-12-01T08:26:00.000Z,2.55,10001798,United Kingdom
536365,85123A,FIXTURE ITEM,6,2010-12-01T08:26:00.000Z,2.55,10001799,United Kingdom
536365,85123A,FIXTURE ITEM,6,2010-12-01T08:26:00.000Z,2.55,10001800,United Kingdom
536365,85123A,FIXTURE ITEM,6,2010-12-01T08:26:00.000Z,2.55,10001801,United Kingdom
536365,85123A,FIXTURE ITEM,6,2010-12-01T08:26:00.000Z,2.55,10001802,United Kingdom
536365,85123A,FIXTURE ITEM,6,2010-12-01T08:26:00.000Z,2.55,10001803,United Kingdom
536365,85123A,FIXTURE ITEM,6,2010-12-01T08:26:00.000Z,2.55,10001804,United Kingdom
536365,85123A,FIXTURE ITEM,6,2010-12-01T08:26:00.000Z,2.55,10001805,United Kingdom
536365,85123A,FIXTURE ITEM,6,2010-12-01T08:26:00.000Z,2.55,10001806,United Kingdom
536365,85123A,FIXTURE ITEM,6,2010-12-01T08:26:00.000Z,2.55,10001807,United Kingdom
536365,85123A,FIXTURE ITEM,6,2010-12-01T08:26:00.000Z,2.55,10001808,United Kingdom
536365,85123A,FIXTURE ITEM,6,2010-12-01T08:26:00.000Z,2.55,10001809,United Kingdom
536365,85123A,FIXTURE ITEM,6,2010-12-01T08:26:00.000Z,2.55,10001810,United Kingdom
536365,85123A,FIXTURE ITEM,6,2010-12-01T08:26:00.000Z,2.55,10001811,United Kingdom
536365,85123A,FIXTURE ITEM,6,2010-12-01T08:26:00.000Z,2.55,10001812,United Kingdom
536365,85123A,FIXTURE ITEM,6,2010-12-01T08:26:00.000Z,2.55,10001813,United Kingdom
536365,85123A,FIXTURE ITEM,6,2010-12-01T08:26:00.000Z,2.55,10001814,United Kingdom
536365,85123A,FIXTURE ITEM,6,2010-12-01T08:26:00.000Z,2.55,10001815,United Kingdom
536365,85123A,FIXTURE ITEM,6,2010-12-01T08:26:00.000Z,2.55,10001816,United Kingdom
536365,85123A,FIXTURE ITEM,6,2010-12-01T08:26:00.000Z,2.55,10001817,United Kingdom
536365,85123A,FIXTURE ITEM,6,2010-12-01T08:26:00.000Z,2.55,10001818,United Kingdom
536365,85123A,FIXTURE ITEM,6,2010-12-01T08:26:00.000Z,2.55,10001819,United Kingdom
536365,85123A,FIXTURE ITEM,6,2010-12-01T08:26:00.000Z,2.55,10001820,United Kingdom
536365,85123A,FIXTURE ITEM,6,2010-12-01T08:26:00.000Z,2.55,10001821,United Kingdom
536365,85123A,FIXTURE ITEM,6,2010-12-01T08:26:00.000Z,2.55,10001822,United Kingdom
536365,85123A,FIXTURE ITEM,6,2010-12-01T08:26:00.000Z,2.55,10001823,United Kingdom
536365,85123A,FIXTURE ITEM,6,2010-12-01T08:26:00.000Z,2.55,10001824,United Kingdom
536365,85123A,FIXTURE ITEM,6,2010-12-01T08:26:00.000Z,2.55,10001825,United Kingdom
536365,85123A,FIXTURE ITEM,6,2010-12-01T08:26:00.000Z,2.55,10001826,United Kingdom
536365,85123A,FIXTURE ITEM,6,2010-12-01T08:26:00.000Z,2.55,10001827,United Kingdom
536365,85123A,FIXTURE ITEM,6,2010-12-01T08:26:00.000Z,2.55,10001828,United Kingdom
536365,85123A,FIXTURE ITEM,6,2010-12-01T08:26:00.000Z,2.55,10001829,United Kingdom
536365,85123A,FIXTURE ITEM,6,2010-12-01T08:26:00.000Z,2.55,10001830,United Kingdom
536365,85123A,FIXTURE ITEM,6,2010-12-01T08:26:00.000Z,2.55,10001831,United Kingdom
536365,85123A,FIXTURE ITEM,6,2010-12-01T08:26:00.000Z,2.55,10001832,United Kingdom
536365,85123A,FIXTURE ITEM,6,2010-12-01T08:26:00.000Z,2.55,10001833,United Kingdom
536365,85123A,FIXTURE ITEM,6,2010-12-01T08:26:00.000Z,2.55,10001834,United Kingdom
536365,85123A,FIXTURE ITEM,6,2010-12-01T08:26:00.000Z,2.55,10001835,United Kingdom
536365,85123A,FIXTURE ITEM,6,2010-12-01T08:26:00.000Z,2.55,10001836,United Kingdom
536365,85123A,FIXTURE ITEM,6,2010-12-01T08:26:00.000Z,2.55,10001837,United Kingdom
536365,85123A,FIXTURE ITEM,6,2010-12-01T08:26:00.000Z,2.55,10001838,United Kingdom
536365,85123A,FIXTURE ITEM,6,2010-12-01T08:26:00.000Z,2.55,10001839,United Kingdom
536365,85123A,FIXTURE ITEM,6,2010-12-01T08:26:00.000Z,2.55,10001840,United Kingdom
536365,85123A,FIXTURE ITEM,6,2010-12-01T08:26:00.000Z,2.55,10001841,United Kingdom
536365,85123A,FIXTURE ITEM,6,2010-12-01T08:26:00.000Z,2.55,10001842,United Kingdom
536365,85123A,FIXTURE ITEM,6,2010-12-01T08:26:00.000Z,2.55,10001843,United Kingdom
536365,85123A,FIXTURE ITEM,6,2010-12-01T08:26:00.000Z,2.55,10001844,United Kingdom
536365,85123A,FIXTURE ITEM,6,2010-12-01T08:26:00.000Z,2.55,10001845,United Kingdom
536365,85123A,FIXTURE ITEM,6,2010-12-01T08:26:00.000Z,2.55,10001846,United Kingdom
536365,85123A,FIXTURE ITEM,6,2010-12-01T08:26:00.000Z,2.55,10001847,United Kingdom
536365,85123A,FIXTURE ITEM,6,2010-12-01T08:26:00.000Z,2.55,10001848,United Kingdom
536365,85123A,FIXTURE ITEM,6,2010-12-01T08:26:00.000Z,2.55,10001849,United Kingdom
536365,85123A,FIXTURE ITEM,6,2010-12-01T08:26:00.000Z,2.55,10001850,United Kingdom
536365,85123A,FIXTURE ITEM,6,2010-12-01T08:26:00.000Z,2.55,10001851,United Kingdom
536365,85123A,FIXTURE ITEM,6,2010-12-01T08:26:00.000Z,2.55,10001852,United Kingdom
536365,85123A,FIXTURE ITEM,6,2010-12-01T08:26:00.000Z,2.55,10001853,United Kingdom
536365,85123A,FIXTURE ITEM,6,2010-12-01T08:26:00.000Z,2.55,10001854,United Kingdom
536365,85123A,FIXTURE ITEM,6,2010-12-01T08:26:00.000Z,2.55,10001855,United Kingdom
536365,85123A,FIXTURE ITEM,6,2010-12-01T08:26:00.000Z,2.55,10001856,United Kingdom
536365,85123A,FIXTURE ITEM,6,2010-12-01T08:26:00.000Z,2.55,10001857,United Kingdom
536365,85123A,FIXTURE ITEM,6,2010-12-01T08:26:00.000Z,2.55,10001858,United Kingdom
536365,85123A,FIXTURE ITEM,6,2010-12-01T08:26:00.000Z,2.55,10001859,United Kingdom
536365,85123A,FIXTURE ITEM,6,2010-12-01T08:26:00.000Z,2.55,10001860,United Kingdom
536365,85123A,FIXTURE ITEM,6,2010-12-01T08:26:00.000Z,2.55,10001861,United Kingdom
536365,85123A,FIXTURE ITEM,6,2010-12-01T08:26:00.000Z,2.55,10001862,United Kingdom
536365,85123A,FIXTURE ITEM,6,2010-12-01T08:26:00.000Z,2.55,10001863,United Kingdom
536365,85123A,FIXTURE ITEM,6,2010-12-01T08:26:00.000Z,2.55,10001864,United Kingdom
536365,85123A,FIXTURE ITEM,6,2010-12-01T08:26:00.000Z,2.55,10001865,United Kingdom
536365,85123A,FIXTURE ITEM,6,2010-12-01T08:26:00.000Z,2.55,10001866,United Kingdom
536365,85123A,FIXTURE ITEM,6,2010-12-01T08:26:00.000Z,2.55,10001867,United Kingdom
536365,85123A,FIXTURE ITEM,6,2010-12-01T08:26:00.000Z,2.55,10001868,United Kingdom
536365,85123A,FIXTURE ITEM,6,2010-12-01T08:26:00.000Z,2.55,10001869,United Kingdom
536365,85123A,FIXTURE ITEM,6,2010-12-01T08:26:00.000Z,2.55,10001870,United Kingdom
536365,85123A,FIXTURE ITEM,6,2010-12-01T08:26:00.000Z,2.55,10001871,United Kingdom
536365,85123A,FIXTURE ITEM,6,2010-12-01T08:26:00.000Z,2.55,10001872,United Kingdom
536365,85123A,FIXTURE ITEM,6,2010-12-01T08:26:00.000Z,2.55,10001873,United Kingdom
536365,85123A,FIXTURE ITEM,6,2010-12-01T08:26:00.000Z,2.55,10001874,United Kingdom
536365,85123A,FIXTURE ITEM,6,2010-12-01T08:26:00.000Z,2.55,10001875,United Kingdom
536365,85123A,FIXTURE ITEM,6,2010-12-01T08:26:00.000Z,2.55,10001876,United Kingdom
536365,85123A,FIXTURE ITEM,6,2010-12-01T08:26:00.000Z,2.55,10001877,United Kingdom
536365,85123A,FIXTURE ITEM,6,2010-12-01T08:26:00.000Z,2.55,10001878,United Kingdom
536365,85123A,FIXTURE ITEM,6,2010-12-01T08:26:00.000Z,2.55,10001879,United Kingdom
536365,85123A,FIXTURE ITEM,6,2010-12-01T08:26:00.000Z,2.55,10001880,United Kingdom
536365,85123A,FIXTURE ITEM,6,2010-12-01T08:26:00.000Z,2.55,10001881,United Kingdom
536365,85123A,FIXTURE ITEM,6,2010-12-01T08:26:00.000Z,2.55,10001882,United Kingdom
536365,85123A,FIXTURE ITEM,6,2010-12-01T08:26:00.000Z,2.55,10001883,United Kingdom
536365,85123A,FIXTURE ITEM,6,2010-12-01T08:26:00.000Z,2.55,10001884,United Kingdom
536365,85123A,FIXTURE ITEM,6,2010-12-01T08:26:00.000Z,2.55,10001885,United Kingdom
536365,85123A,FIXTURE ITEM,6,2010-12-01T08:26:00.000Z,2.55,10001886,United Kingdom
536365,85123A,FIXTURE ITEM,6,2010-12-01T08:26:00.000Z,2.55,10001887,United Kingdom
536365,85123A,FIXTURE ITEM,6,2010-12-01T08:26:00.000Z,2.55,10001888,United Kingdom
536365,85123A,FIXTURE ITEM,6,2010-12-01T08:26:00.000Z,2.55,10001889,United Kingdom
536365,85123A,FIXTURE ITEM,6,2010-12-01T08:26:00.000Z,2.55,10001890,United Kingdom
536365,85123A,FIXTURE ITEM,6,2010-12-01T08:26:00.000Z,2.55,10001891,United Kingdom
536365,85123A,FIXTURE ITEM,6,2010-12-01T08:26:00.000Z,2.55,10001892,United Kingdom
536365,85123A,FIXTURE ITEM,6,2010-12-01T08:26:00.000Z,2.55,10001893,United Kingdom
536365,85123A,FIXTURE ITEM,6,2010-12-01T08:26:00.000Z,2.55,10001894,United Kingdom
536365,85123A,FIXTURE ITEM,6,2010-12-01T08:26:00.000Z,2.55,10001895,United Kingdom
536365,85123A,FIXTURE ITEM,6,2010-12-01T08:26:00.000Z,2.55,10001896,United Kingdom
536365,85123A,FIXTURE ITEM,6,2010-12-01T08:26:00.000Z,2.55,10001897,United Kingdom
536365,85123A,FIXTURE ITEM,6,2010-12-01T08:26:00.000Z,2.55,10001898,United Kingdom
536365,85123A,FIXTURE ITEM,6,2010-12-01T08:26:00.000Z,2.55,10001899,United Kingdom
536365,85123A,FIXTURE ITEM,6,2010-12-01T08:26:00.000Z,2.55,10001900,United Kingdom
536365,85123A,FIXTURE ITEM,6,2010-12-01T08:26:00.000Z,2.55,10001901,United Kingdom
536365,85123A,FIXTURE ITEM,6,2010-12-01T08:26:00.000Z,2.55,10001902,United Kingdom
536365,85123A,FIXTURE ITEM,6,2010-12-01T08:26:00.000Z,2.55,10001903,United Kingdom
536365,85123A,FIXTURE ITEM,6,2010-12-01T08:26:00.000Z,2.55,10001904,United Kingdom
536365,85123A,FIXTURE ITEM,6,2010-12-01T08:26:00.000Z,2.55,10001905,United Kingdom
536365,85123A,FIXTURE ITEM,6,2010-12-01T08:26:00.000Z,2.55,10001906,United Kingdom
536365,85123A,FIXTURE ITEM,6,2010-12-01T08:26:00.000Z,2.55,10001907,United Kingdom
536365,85123A,FIXTURE ITEM,6,2010-12-01T08:26:00.000Z,2.55,10001908,United Kingdom
536365,85123A,FIXTURE ITEM,6,2010-12-01T08:26:00.000Z,2.55,10001909,United Kingdom
536365,85123A,FIXTURE ITEM,6,2010-12-01T08:26:00.000Z,2.55,10001910,United Kingdom
536365,85123A,FIXTURE ITEM,6,2010-12-01T08:26:00.000Z,2.55,10001911,United Kingdom
536365,85123A,FIXTURE ITEM,6,2010-12-01T08:26:00.000Z,2.55,10001912,United Kingdom
536365,85123A,FIXTURE ITEM,6,2010-12-01T08:26:00.000Z,2.55,10001913,United Kingdom
536365,85123A,FIXTURE ITEM,6,2010-12-01T08:26:00.000Z,2.55,10001914,United Kingdom
536365,85123A,FIXTURE ITEM,6,2010-12-01T08:26:00.000Z,2.55,10001915,United Kingdom
536365,85123A,FIXTURE ITEM,6,2010-12-01T08:26:00.000Z,2.55,10001916,United Kingdom
536365,85123A,FIXTURE ITEM,6,2010-12-01T08:26:00.000Z,2.55,10001917,United Kingdom
536365,85123A,FIXTURE ITEM,6,2010-12-01T08:26:00.000Z,2.55,10001918,United Kingdom
536365,85123A,FIXTURE ITEM,6,2010-12-01T08:26:00.000Z,2.55,10001919,United Kingdom
536365,85123A,FIXTURE ITEM,6,2010-12-01T08:26:00.000Z,2.55,10001920,United Kingdom
536365,85123A,FIXTURE ITEM,6,2010-12-01T08:26:00.000Z,2.55,10001921,United Kingdom
536365,85123A,FIXTURE ITEM,6,2010-12-01T08:26:00.000Z,2.55,10001922,United Kingdom
536365,85123A,FIXTURE ITEM,6,2010-12-01T08:26:00.000Z,2.55,10001923,United Kingdom
536365,85123A,FIXTURE ITEM,6,2010-12-01T08:26:00.000Z,2.55,10001924,United Kingdom
536365,85123A,FIXTURE ITEM,6,2010-12-01T08:26:00.000Z,2.55,10001925,United Kingdom
536365,85123A,FIXTURE ITEM,6,2010-12-01T08:26:00.000Z,2.55,10001926,United Kingdom
536365,85123A,FIXTURE ITEM,6,2010-12-01T08:26:00.000Z,2.55,10001927,United Kingdom
536365,85123A,FIXTURE ITEM,6,2010-12-01T08:26:00.000Z,2.55,10001928,United Kingdom
536365,85123A,FIXTURE ITEM,6,2010-12-01T08:26:00.000Z,2.55,10001929,United Kingdom
536365,85123A,FIXTURE ITEM,6,2010-12-01T08:26:00.000Z,2.55,10001930,United Kingdom
536365,85123A,FIXTURE ITEM,6,2010-12-01T08:26:00.000Z,2.55,10001931,United Kingdom
536365,85123A,FIXTURE ITEM,6,2010-12-01T08:26:00.000Z,2.55,10001932,United Kingdom
536365,85123A,FIXTURE ITEM,6,2010-12-01T08:26:00.000Z,2.55,10001933,United Kingdom
536365,85123A,FIXTURE ITEM,6,2010-12-01T08:26:00.000Z,2.55,10001934,United Kingdom
536365,85123A,FIXTURE ITEM,6,2010-12-01T08:26:00.000Z,2.55,10001935,United Kingdom
536365,85123A,FIXTURE ITEM,6,2010-12-01T08:26:00.000Z,2.55,10001936,United Kingdom
536365,85123A,FIXTURE ITEM,6,2010-12-01T08:26:00.000Z,2.55,10001937,United Kingdom
536365,85123A,FIXTURE ITEM,6,2010-12-01T08:26:00.000Z,2.55,10001938,United Kingdom
536365,85123A,FIXTURE ITEM,6,2010-12-01T08:26:00.000Z,2.55,10001939,United Kingdom
536365,85123A,FIXTURE ITEM,6,2010-12-01T08:26:00.000Z,2.55,10001940,United Kingdom
536365,85123A,FIXTURE ITEM,6,2010-12-01T08:26:00.000Z,2.55,10001941,United Kingdom
536365,85123A,FIXTURE ITEM,6,2010-12-01T08:26:00.000Z,2.55,10001942,United Kingdom
536365,85123A,FIXTURE ITEM,6,2010-12-01T08:26:00.000Z,2.55,10001943,United Kingdom
536365,85123A,FIXTURE ITEM,6,2010-12-01T08:26:00.000Z,2.55,10001944,United Kingdom
536365,85123A,FIXTURE ITEM,6,2010-12-01T08:26:00.000Z,2.55,10001945,United Kingdom
536365,85123A,FIXTURE ITEM,6,2010-12-01T08:26:00.000Z,2.55,10001946,United Kingdom
536365,85123A,FIXTURE ITEM,6,2010-12-01T08:26:00.000Z,2.55,10001947,United Kingdom
536365,85123A,FIXTURE ITEM,6,2010-12-01T08:26:00.000Z,2.55,10001948,United Kingdom
536365,85123A,FIXTURE ITEM,6,2010-12-01T08:26:00.000Z,2.55,10001949,United Kingdom
536365,85123A,FIXTURE ITEM,6,2010-12-01T08:26:00.000Z,2.55,10001950,United Kingdom
536365,85123A,FIXTURE ITEM,6,2010-12-01T08:26:00.000Z,2.55,10001951,United Kingdom
536365,85123A,FIXTURE ITEM,6,2010-12-01T08:26:00.000Z,2.55,10001952,United Kingdom
536365,85123A,FIXTURE ITEM,6,2010-12-01T08:26:00.000Z,2.55,10001953,United Kingdom
536365,85123A,FIXTURE ITEM,6,2010-12-01T08:26:00.000Z,2.55,10001954,United Kingdom
536365,85123A,FIXTURE ITEM,6,2010-12-01T08:26:00.000Z,2.55,10001955,United Kingdom
536365,85123A,FIXTURE ITEM,6,2010-12-01T08:26:00.000Z,2.55,10001956,United Kingdom
536365,85123A,FIXTURE ITEM,6,2010-12-01T08:26:00.000Z,2.55,10001957,United Kingdom
536365,85123A,FIXTURE ITEM,6,2010-12-01T08:26:00.000Z,2.55,10001958,United Kingdom
536365,85123A,FIXTURE ITEM,6,2010-12-01T08:26:00.000Z,2.55,10001959,United Kingdom
536365,85123A,FIXTURE ITEM,6,2010-12-01T08:26:00.000Z,2.55,10001960,United Kingdom
536365,85123A,FIXTURE ITEM,6,2010-12-01T08:26:00.000Z,2.55,10001961,United Kingdom
536365,85123A,FIXTURE ITEM,6,2010-12-01T08:26:00.000Z,2.55,10001962,United Kingdom
536365,85123A,FIXTURE ITEM,6,2010-12-01T08:26:00.000Z,2.55,10001963,United Kingdom
536365,85123A,FIXTURE ITEM,6,2010-12-01T08:26:00.000Z,2.55,10001964,United Kingdom
536365,85123A,FIXTURE ITEM,6,2010-12-01T08:26:00.000Z,2.55,10001965,United Kingdom
536365,85123A,FIXTURE ITEM,6,2010-12-01T08:26:00.000Z,2.55,10001966,United Kingdom
536365,85123A,FIXTURE ITEM,6,2010-12-01T08:26:00.000Z,2.55,10001967,United Kingdom
536365,85123A,FIXTURE ITEM,6,2010-12-01T08:26:00.000Z,2.55,10001968,United Kingdom
536365,85123A,FIXTURE ITEM,6,2010-12-01T08:26:00.000Z,2.55,10001969,United Kingdom
536365,85123A,FIXTURE ITEM,6,2010-12-01T08:26:00.000Z,2.55,10001970,United Kingdom
536365,85123A,FIXTURE ITEM,6,2010-12-01T08:26:00.000Z,2.55,10001971,United Kingdom
536365,85123A,FIXTURE ITEM,6,2010-12-01T08:26:00.000Z,2.55,10001972,United Kingdom
536365,85123A,FIXTURE ITEM,6,2010-12-01T08:26:00.000Z,2.55,10001973,United Kingdom
536365,85123A,FIXTURE ITEM,6,2010-12-01T08:26:00.000Z,2.55,10001974,United Kingdom
536365,85123A,FIXTURE ITEM,6,2010-12-01T08:26:00.000Z,2.55,10001975,United Kingdom
536365,85123A,FIXTURE ITEM,6,2010-12-01T08:26:00.000Z,2.55,10001976,United Kingdom
536365,85123A,FIXTURE ITEM,6,2010-12-01T08:26:00.000Z,2.55,10001977,United Kingdom
536365,85123A,FIXTURE ITEM,6,2010-12-01T08:26:00.000Z,2.55,10001978,United Kingdom
536365,85123A,FIXTURE ITEM,6,2010-12-01T08:26:00.000Z,2.55,10001979,United Kingdom
536365,85123A,FIXTURE ITEM,6,2010-12-01T08:26:00.000Z,2.55,10001980,United Kingdom
536365,85123A,FIXTURE ITEM,6,2010-12-01T08:26:00.000Z,2.55,10001981,United Kingdom
536365,85123A,FIXTURE ITEM,6,2010-12-01T08:26:00.000Z,2.55,10001982,United Kingdom
536365,85123A,FIXTURE ITEM,6,2010-12-01T08:26:00.000Z,2.55,10001983,United Kingdom
536365,85123A,FIXTURE ITEM,6,2010-12-01T08:26:00.000Z,2.55,10001984,United Kingdom
536365,85123A,FIXTURE ITEM,6,2010-12-01T08:26:00.000Z,2.55,10001985,United Kingdom
536365,85123A,FIXTURE ITEM,6,2010-12-01T08:26:00.000Z,2.55,10001986,United Kingdom
536365,85123A,FIXTURE ITEM,6,2010-12-01T08:26:00.000Z,2.55,10001987,United Kingdom
536365,85123A,FIXTURE ITEM,6,2010-12-01T08:26:00.000Z,2.55,10001988,United Kingdom
536365,85123A,FIXTURE ITEM,6,2010-12-01T08:26:00.000Z,2.55,10001989,United Kingdom
536365,85123A,FIXTURE ITEM,6,2010-12-01T08:26:00.000Z,2.55,10001990,United Kingdom
536365,85123A,FIXTURE ITEM,6,2010-12-01T08:26:00.000Z,2.55,10001991,United Kingdom
536365,85123A,FIXTURE ITEM,6,2010-12-01T08:26:00.000Z,2.55,10001992,United Kingdom
536365,85123A,FIXTURE ITEM,6,2010-12-01T08:26:00.000Z,2.55,10001993,United Kingdom
536365,85123A,FIXTURE ITEM,6,2010-12-01T08:26:00.000Z,2.55,10001994,United Kingdom
536365,85123A,FIXTURE ITEM,6,2010-12-01T08:26:00.000Z,2.55,10001995,United Kingdom
536365,85123A,FIXTURE ITEM,6,2010-12-01T08:26:00.000Z,2.55,10001996,United Kingdom
536365,85123A,FIXTURE ITEM,6,2010-12-01T08:26:00.000Z,2.55,10001997,United Kingdom
536365,85123A,FIXTURE ITEM,6,2010-12-01T08:26:00.000Z,2.55,10001998,United Kingdom
536365,85123A,FIXTURE ITEM,6,2010-12-01T08:26:00.000Z,2.55,10001999,United Kingdom
536365,85123A,FIXTURE ITEM,6,2010-12-01T08:26:00.000Z,2.55,10002000,United Kingdom
536365,85123A,FIXTURE ITEM,6,2010-12-01T08:26:00.000Z,2.55,10002001,United Kingdom
536365,85123A,FIXTURE ITEM,6,2010-12-01T08:26:00.000Z,2.55,10002002,United Kingdom
536365,85123A,FIXTURE ITEM,6,2010-12-01T08:26:00.000Z,2.55,10002003,United Kingdom
536365,85123A,FIXTURE ITEM,6,2010-12-01T08:26:00.000Z,2.55,10002004,United Kingdom
536365,85123A,FIXTURE ITEM,6,2010-12-01T08:26:00.000Z,2.55,10002005,United Kingdom
536365,85123A,FIXTURE ITEM,6,2010-12-01T08:26:00.000Z,2.55,10002006,United Kingdom
536365,85123A,FIXTURE ITEM,6,2010-12-01T08:26:00.000Z,2.55,10002007,United Kingdom
536365,85123A,FIXTURE ITEM,6,2010-12-01T08:26:00.000Z,2.55,10002008,United Kingdom
536365,85123A,FIXTURE ITEM,6,2010-12-01T08:26:00.000Z,2.55,10002009,United Kingdom
536365,85123A,FIXTURE ITEM,6,2010-12-01T08:26:00.000Z,2.55,10002010,United Kingdom
536365,85123A,FIXTURE ITEM,6,2010-12-01T08:26:00.000Z,2.55,10002011,United Kingdom
536365,85123A,FIXTURE ITEM,6,2010-12-01T08:26:00.000Z,2.55,10002012,United Kingdom
536365,85123A,FIXTURE ITEM,6,2010-12-01T08:26:00.000Z,2.55,10002013,United Kingdom
536365,85123A,FIXTURE ITEM,6,2010-12-01T08:26:00.000Z,2.55,10002014,United Kingdom
536365,85123A,FIXTURE ITEM,6,2010-12-01T08:26:00.000Z,2.55,10002015,United Kingdom
536365,85123A,FIXTURE ITEM,6,2010-12-01T08:26:00.000Z,2.55,10002016,United Kingdom
536365,85123A,FIXTURE ITEM,6,2010-12-01T08:26:00.000Z,2.55,10002017,United Kingdom
536365,85123A,FIXTURE ITEM,6,2010-12-01T08:26:00.000Z,2.55,10002018,United Kingdom
536365,85123A,FIXTURE ITEM,6,2010-12-01T08:26:00.000Z,2.55,10002019,United Kingdom
536365,85123A,FIXTURE ITEM,6,2010-12-01T08:26:00.000Z,2.55,10002020,United Kingdom
536365,85123A,FIXTURE ITEM,6,2010-12-01T08:26:00.000Z,2.55,10002021,United Kingdom
536365,85123A,FIXTURE ITEM,6,2010-12-01T08:26:00.000Z,2.55,10002022,United Kingdom
536365,85123A,FIXTURE ITEM,6,2010-12-01T08:26:00.000Z,2.55,10002023,United Kingdom
536365,85123A,FIXTURE ITEM,6,2010-12-01T08:26:00.000Z,2.55,10002024,United Kingdom
536365,85123A,FIXTURE ITEM,6,2010-12-01T08:26:00.000Z,2.55,10002025,United Kingdom
536365,85123A,FIXTURE ITEM,6,2010-12-01T08:26:00.000Z,2.55,10002026,United Kingdom
536365,85123A,FIXTURE ITEM,6,2010-12-01T08:26:00.000Z,2.55,10002027,United Kingdom
536365,85123A,FIXTURE ITEM,6,2010-12-01T08:26:00.000Z,2.55,10002028,United Kingdom
536365,85123A,FIXTURE ITEM,6,2010-12-01T08:26:00.000Z,2.55,10002029,United Kingdom
536365,85123A,FIXTURE ITEM,6,2010-12-01T08:26:00.000Z,2.55,10002030,United Kingdom
536365,85123A,FIXTURE ITEM,6,2010-12-01T08:26:00.000Z,2.55,10002031,United Kingdom
536365,85123A,FIXTURE ITEM,6,2010-12-01T08:26:00.000Z,2.55,10002032,United Kingdom
536365,85123A,FIXTURE ITEM,6,2010-12-01T08:26:00.000Z,2.55,10002033,United Kingdom
536365,85123A,FIXTURE ITEM,6,2010-12-01T08:26:00.000Z,2.55,10002034,United Kingdom
536365,85123A,FIXTURE ITEM,6,2010-12-01T08:26:00.000Z,2.55,10002035,United Kingdom
536365,85123A,FIXTURE ITEM,6,2010-12-01T08:26:00.000Z,2.55,10002036,United Kingdom
536365,85123A,FIXTURE ITEM,6,2010-12-01T08:26:00.000Z,2.55,10002037,United Kingdom
536365,85123A,FIXTURE ITEM,6,2010-12-01T08:26:00.000Z,2.55,10002038,United Kingdom
536365,85123A,FIXTURE ITEM,6,2010-12-01T08:26:00.000Z,2.55,10002039,United Kingdom
536365,85123A,FIXTURE ITEM,6,2010-12-01T08:26:00.000Z,2.55,10002040,United Kingdom
536365,85123A,FIXTURE ITEM,6,2010-12-01T08:26:00.000Z,2.55,10002041,United Kingdom
536365,85123A,FIXTURE ITEM,6,2010-12-01T08:26:00.000Z,2.55,10002042,United Kingdom
536365,85123A,FIXTURE ITEM,6,2010-12-01T08:26:00.000Z,2.55,10002043,United Kingdom
536365,85123A,FIXTURE ITEM,6,2010-12-01T08:26:00.000Z,2.55,10002044,United Kingdom
536365,85123A,FIXTURE ITEM,6,2010-12-01T08:26:00.000Z,2.55,10002045,United Kingdom
536365,85123A,FIXTURE ITEM,6,2010-12-01T08:26:00.000Z,2.55,10002046,United Kingdom
536365,85123A,FIXTURE ITEM,6,2010-12-01T08:26:00.000Z,2.55,10002047,United Kingdom
536365,85123A,FIXTURE ITEM,6,2010-12-01T08:26:00.000Z,2.55,10002048,United Kingdom
536365,85123A,FIXTURE ITEM,6,2010-12-01T08:26:00.000Z,2.55,10002049,United Kingdom
536365,85123A,FIXTURE ITEM,6,2010-12-01T08:26:00.000Z,2.55,10002050,United Kingdom
536365,85123A,FIXTURE ITEM,6,2010-12-01T08:26:00.000Z,2.55,10002051,United Kingdom
536365,85123A,FIXTURE ITEM,6,2010-12-01T08:26:00.000Z,2.55,10002052,United Kingdom
536365,85123A,FIXTURE ITEM,6,2010-12-01T08:26:00.000Z,2.55,10002053,United Kingdom
536365,85123A,FIXTURE ITEM,6,2010-12-01T08:26:00.000Z,2.55,10002054,United Kingdom
536365,85123A,FIXTURE ITEM,6,2010-12-01T08:26:00.000Z,2.55,10002055,United Kingdom
536365,85123A,FIXTURE ITEM,6,2010-12-01T08:26:00.000Z,2.55,10002056,United Kingdom
536365,85123A,FIXTURE ITEM,6,2010-12-01T08:26:00.000Z,2.55,10002057,United Kingdom
536365,85123A,FIXTURE ITEM,6,2010-12-01T08:26:00.000Z,2.55,10002058,United Kingdom
536365,85123A,FIXTURE ITEM,6,2010-12-01T08:26:00.000Z,2.55,10002059,United Kingdom
536365,85123A,FIXTURE ITEM,6,2010-12-01T08:26:00.000Z,2.55,10002060,United Kingdom
536365,85123A,FIXTURE ITEM,6,2010-12-01T08:26:00.000Z,2.55,10002061,United Kingdom
536365,85123A,FIXTURE ITEM,6,2010-12-01T08:26:00.000Z,2.55,10002062,United Kingdom
536365,85123A,FIXTURE ITEM,6,2010-12-01T08:26:00.000Z,2.55,10002063,United Kingdom
536365,85123A,FIXTURE ITEM,6,2010-12-01T08:26:00.000Z,2.55,10002064,United Kingdom
536365,85123A,FIXTURE ITEM,6,2010-12-01T08:26:00.000Z,2.55,10002065,United Kingdom
536365,85123A,FIXTURE ITEM,6,2010-12-01T08:26:00.000Z,2.55,10002066,United Kingdom
536365,85123A,FIXTURE ITEM,6,2010-12-01T08:26:00.000Z,2.55,10002067,United Kingdom
536365,85123A,FIXTURE ITEM,6,2010-12-01T08:26:00.000Z,2.55,10002068,United Kingdom
536365,85123A,FIXTURE ITEM,6,2010-12-01T08:26:00.000Z,2.55,10002069,United Kingdom
536365,85123A,FIXTURE ITEM,6,2010-12-01T08:26:00.000Z,2.55,10002070,United Kingdom
536365,85123A,FIXTURE ITEM,6,2010-12-01T08:26:00.000Z,2.55,10002071,United Kingdom
536365,85123A,FIXTURE ITEM,6,2010-12-01T08:26:00.000Z,2.55,10002072,United Kingdom
536365,85123A,FIXTURE ITEM,6,2010-12-01T08:26:00.000Z,2.55,10002073,United Kingdom
536365,85123A,FIXTURE ITEM,6,2010-12-01T08:26:00.000Z,2.55,10002074,United Kingdom
536365,85123A,FIXTURE ITEM,6,2010-12-01T08:26:00.000Z,2.55,10002075,United Kingdom
536365,85123A,FIXTURE ITEM,6,2010-12-01T08:26:00.000Z,2.55,10002076,United Kingdom
536365,85123A,FIXTURE ITEM,6,2010-12-01T08:26:00.000Z,2.55,10002077,United Kingdom
536365,85123A,FIXTURE ITEM,6,2010-12-01T08:26:00.000Z,2.55,10002078,United Kingdom
536365,85123A,FIXTURE ITEM,6,2010-12-01T08:26:00.000Z,2.55,10002079,United Kingdom
536365,85123A,FIXTURE ITEM,6,2010-12-01T08:26:00.000Z,2.55,10002080,United Kingdom
536365,85123A,FIXTURE ITEM,6,2010-12-01T08:26:00.000Z,2.55,10002081,United Kingdom
536365,85123A,FIXTURE ITEM,6,2010-12-01T08:26:00.000Z,2.55,10002082,United Kingdom
536365,85123A,FIXTURE ITEM,6,2010-12-01T08:26:00.000Z,2.55,10002083,United Kingdom
536365,85123A,FIXTURE ITEM,6,2010-12-01T08:26:00.000Z,2.55,10002084,United Kingdom
536365,85123A,FIXTURE ITEM,6,2010-12-01T08:26:00.000Z,2.55,10002085,United Kingdom
536365,85123A,FIXTURE ITEM,6,2010-12-01T08:26:00.000Z,2.55,10002086,United Kingdom
536365,85123A,FIXTURE ITEM,6,2010-12-01T08:26:00.000Z,2.55,10002087,United Kingdom
536365,85123A,FIXTURE ITEM,6,2010-12-01T08:26:00.000Z,2.55,10002088,United Kingdom
536365,85123A,FIXTURE ITEM,6,2010-12-01T08:26:00.000Z,2.55,10002089,United Kingdom
536365,85123A,FIXTURE ITEM,6,2010-12-01T08:26:00.000Z,2.55,10002090,United Kingdom
536365,85123A,FIXTURE ITEM,6,2010-12-01T08:26:00.000Z,2.55,10002091,United Kingdom
536365,85123A,FIXTURE ITEM,6,2010-12-01T08:26:00.000Z,2.55,10002092,United Kingdom
536365,85123A,FIXTURE ITEM,6,2010-12-01T08:26:00.000Z,2.55,10002093,United Kingdom
536365,85123A,FIXTURE ITEM,6,2010-12-01T08:26:00.000Z,2.55,10002094,United Kingdom
536365,85123A,FIXTURE ITEM,6,2010-12-01T08:26:00.000Z,2.55,10002095,United Kingdom
536365,85123A,FIXTURE ITEM,6,2010-12-01T08:26:00.000Z,2.55,10002096,United Kingdom
536365,85123A,FIXTURE ITEM,6,2010-12-01T08:26:00.000Z,2.55,10002097,United Kingdom
536365,85123A,FIXTURE ITEM,6,2010-12-01T08:26:00.000Z,2.55,10002098,United Kingdom
536365,85123A,FIXTURE ITEM,6,2010-12-01T08:26:00.000Z,2.55,10002099,United Kingdom
536365,85123A,FIXTURE ITEM,6,2010-12-01T08:26:00.000Z,2.55,10002100,United Kingdom
536365,85123A,FIXTURE ITEM,6,2010-12-01T08:26:00.000Z,2.55,10002101,United Kingdom
536365,85123A,FIXTURE ITEM,6,2010-12-01T08:26:00.000Z,2.55,10002102,United Kingdom
536365,85123A,FIXTURE ITEM,6,2010-12-01T08:26:00.000Z,2.55,10002103,United Kingdom
536365,85123A,FIXTURE ITEM,6,2010-12-01T08:26:00.000Z,2.55,10002104,United Kingdom
536365,85123A,FIXTURE ITEM,6,2010-12-01T08:26:00.000Z,2.55,10002105,United Kingdom
536365,85123A,FIXTURE ITEM,6,2010-12-01T08:26:00.000Z,2.55,10002106,United Kingdom
536365,85123A,FIXTURE ITEM,6,2010-12-01T08:26:00.000Z,2.55,10002107,United Kingdom
536365,85123A,FIXTURE ITEM,6,2010-12-01T08:26:00.000Z,2.55,10002108,United Kingdom
536365,85123A,FIXTURE ITEM,6,2010-12-01T08:26:00.000Z,2.55,10002109,United Kingdom
536365,85123A,FIXTURE ITEM,6,2010-12-01T08:26:00.000Z,2.55,10002110,United Kingdom
536365,85123A,FIXTURE ITEM,6,2010-12-01T08:26:00.000Z,2.55,10002111,United Kingdom
536365,85123A,FIXTURE ITEM,6,2010-12-01T08:26:00.000Z,2.55,10002112,United Kingdom
536365,85123A,FIXTURE ITEM,6,2010-12-01T08:26:00.000Z,2.55,10002113,United Kingdom
536365,85123A,FIXTURE ITEM,6,2010-12-01T08:26:00.000Z,2.55,10002114,United Kingdom
536365,85123A,FIXTURE ITEM,6,2010-12-01T08:26:00.000Z,2.55,10002115,United Kingdom
536365,85123A,FIXTURE ITEM,6,2010-12-01T08:26:00.000Z,2.55,10002116,United Kingdom
536365,85123A,FIXTURE ITEM,6,2010-12-01T08:26:00.000Z,2.55,10002117,United Kingdom
536365,85123A,FIXTURE ITEM,6,2010-12-01T08:26:00.000Z,2.55,10002118,United Kingdom
536365,85123A,FIXTURE ITEM,6,2010-12-01T08:26:00.000Z,2.55,10002119,United Kingdom
536365,85123A,FIXTURE ITEM,6,2010-12-01T08:26:00.000Z,2.55,10002120,United Kingdom
536365,85123A,FIXTURE ITEM,6,2010-12-01T08:26:00.000Z,2.55,10002121,United Kingdom
536365,85123A,FIXTURE ITEM,6,2010-12-01T08:26:00.000Z,2.55,10002122,United Kingdom
536365,85123A,FIXTURE ITEM,6,2010-12-01T08:26:00.000Z,2.55,10002123,United Kingdom
536365,85123A,FIXTURE ITEM,6,2010-12-01T08:26:00.000Z,2.55,10002124,United Kingdom
536365,85123A,FIXTURE ITEM,6,2010-12-01T08:26:00.000Z,2.55,10002125,United Kingdom
536365,85123A,FIXTURE ITEM,6,2010-12-01T08:26:00.000Z,2.55,10002126,United Kingdom
536365,85123A,FIXTURE ITEM,6,2010-12-01T08:26:00.000Z,2.55,10002127,United Kingdom
536365,85123A,FIXTURE ITEM,6,2010-12-01T08:26:00.000Z,2.55,10002128,United Kingdom
536365,85123A,FIXTURE ITEM,6,2010-12-01T08:26:00.000Z,2.55,10002129,United Kingdom
536365,85123A,FIXTURE ITEM,6,2010-12-01T08:26:00.000Z,2.55,10002130,United Kingdom
536365,85123A,FIXTURE ITEM,6,2010-12-01T08:26:00.000Z,2.55,10002131,United Kingdom
536365,85123A,FIXTURE ITEM,6,2010-12-01T08:26:00.000Z,2.55,10002132,United Kingdom
536365,85123A,FIXTURE ITEM,6,2010-12-01T08:26:00.000Z,2.55,10002133,United Kingdom
536365,85123A,FIXTURE ITEM,6,2010-12-01T08:26:00.000Z,2.55,10002134,United Kingdom
536365,85123A,FIXTURE ITEM,6,2010-12-01T08:26:00.000Z,2.55,10002135,United Kingdom
536365,85123A,FIXTURE ITEM,6,2010-12-01T08:26:00.000Z,2.55,10002136,United Kingdom
536365,85123A,FIXTURE ITEM,6,2010-12-01T08:26:00.000Z,2.55,10002137,United Kingdom
536365,85123A,FIXTURE ITEM,6,2010-12-01T08:26:00.000Z,2.55,10002138,United Kingdom
536365,85123A,FIXTURE ITEM,6,2010-12-01T08:26:00.000Z,2.55,10002139,United Kingdom
536365,85123A,FIXTURE ITEM,6,2010-12-01T08:26:00.000Z,2.55,10002140,United Kingdom
536365,85123A,FIXTURE ITEM,6,2010-12-01T08:26:00.000Z,2.55,10002141,United Kingdom
536365,85123A,FIXTURE ITEM,6,2010-12-01T08:26:00.000Z,2.55,10002142,United Kingdom
536365,85123A,FIXTURE ITEM,6,2010-12-01T08:26:00.000Z,2.55,10002143,United Kingdom
536365,85123A,FIXTURE ITEM,6,2010-12-01T08:26:00.000Z,2.55,10002144,United Kingdom
536365,85123A,FIXTURE ITEM,6,2010-12-01T08:26:00.000Z,2.55,10002145,United Kingdom
536365,85123A,FIXTURE ITEM,6,2010-12-01T08:26:00.000Z,2.55,10002146,United Kingdom
536365,85123A,FIXTURE ITEM,6,2010-12-01T08:26:00.000Z,2.55,10002147,United Kingdom
536365,85123A,FIXTURE ITEM,6,2010-12-01T08:26:00.000Z,2.55,10002148,United Kingdom
536365,85123A,FIXTURE ITEM,6,2010-12-01T08:26:00.000Z,2.55,10002149,United Kingdom
536365,85123A,FIXTURE ITEM,6,2010-12-01T08:26:00.000Z,2.55,10002150,United Kingdom
536365,85123A,FIXTURE ITEM,6,2010-12-01T08:26:00.000Z,2.55,10002151,United Kingdom
536365,85123A,FIXTURE ITEM,6,2010-12-01T08:26:00.000Z,2.55,10002152,United Kingdom
536365,85123A,FIXTURE ITEM,6,2010-12-01T08:26:00.000Z,2.55,10002153,United Kingdom
536365,85123A,FIXTURE ITEM,6,2010-12-01T08:26:00.000Z,2.55,10002154,United Kingdom
536365,85123A,FIXTURE ITEM,6,2010-12-01T08:26:00.000Z,2.55,10002155,United Kingdom
536365,85123A,FIXTURE ITEM,6,2010-12-01T08:26:00.000Z,2.55,10002156,United Kingdom
536365,85123A,FIXTURE ITEM,6,2010-12-01T08:26:00.000Z,2.55,10002157,United Kingdom
536365,85123A,FIXTURE ITEM,6,2010-12-01T08:26:00.000Z,2.55,10002158,United Kingdom
536365,85123A,FIXTURE ITEM,6,2010-12-01T08:26:00.000Z,2.55,10002159,United Kingdom
536365,85123A,FIXTURE ITEM,6,2010-12-01T08:26:00.000Z,2.55,10002160,United Kingdom
536365,85123A,FIXTURE ITEM,6,2010-12-01T08:26:00.000Z,2.55,10002161,United Kingdom
536365,85123A,FIXTURE ITEM,6,2010-12-01T08:26:00.000Z,2.55,10002162,United Kingdom
536365,85123A,FIXTURE ITEM,6,2010-12-01T08:26:00.000Z,2.55,10002163,United Kingdom
536365,85123A,FIXTURE ITEM,6,2010-12-01T08:26:00.000Z,2.55,10002164,United Kingdom
536365,85123A,FIXTURE ITEM,6,2010-12-01T08:26:00.000Z,2.55,10002165,United Kingdom
536365,85123A,FIXTURE ITEM,6,2010-12-01T08:26:00.000Z,2.55,10002166,United Kingdom
536365,85123A,FIXTURE ITEM,6,2010-12-01T08:26:00.000Z,2.55,10002167,United Kingdom
536365,85123A,FIXTURE ITEM,6,2010-12-01T08:26:00.000Z,2.55,10002168,United Kingdom
536365,85123A,FIXTURE ITEM,6,2010-12-01T08:26:00.000Z,2.55,10002169,United Kingdom
536365,85123A,FIXTURE ITEM,6,2010-12-01T08:26:00.000Z,2.55,10002170,United Kingdom
536365,85123A,FIXTURE ITEM,6,2010-12-01T08:26:00.000Z,2.55,10002171,United Kingdom
536365,85123A,FIXTURE ITEM,6,2010-12-01T08:26:00.000Z,2.55,10002172,United Kingdom
536365,85123A,FIXTURE ITEM,6,2010-12-01T08:26:00.000Z,2.55,10002173,United Kingdom
536365,85123A,FIXTURE ITEM,6,2010-12-01T08:26:00.000Z,2.55,10002174,United Kingdom
536365,85123A,FIXTURE ITEM,6,2010-12-01T08:26:00.000Z,2.55,10002175,United Kingdom
536365,85123A,FIXTURE ITEM,6,2010-12-01T08:26:00.000Z,2.55,10002176,United Kingdom
536365,85123A,FIXTURE ITEM,6,2010-12-01T08:26:00.000Z,2.55,10002177,United Kingdom
536365,85123A,FIXTURE ITEM,6,2010-12-01T08:26:00.000Z,2.55,10002178,United Kingdom
536365,85123A,FIXTURE ITEM,6,2010-12-01T08:26:00.000Z,2.55,10002179,United Kingdom
536365,85123A,FIXTURE ITEM,6,2010-12-01T08:26:00.000Z,2.55,10002180,United Kingdom
536365,85123A,FIXTURE ITEM,6,2010-12-01T08:26:00.000Z,2.55,10002181,United Kingdom
536365,85123A,FIXTURE ITEM,6,2010-12-01T08:26:00.000Z,2.55,10002182,United Kingdom
536365,85123A,FIXTURE ITEM,6,2010-12-01T08:26:00.000Z,2.55,10002183,United Kingdom
536365,85123A,FIXTURE ITEM,6,2010-12-01T08:26:00.000Z,2.55,10002184,United Kingdom
536365,85123A,FIXTURE ITEM,6,2010-12-01T08:26:00.000Z,2.55,10002185,United Kingdom
536365,85123A,FIXTURE ITEM,6,2010-12-01T08:26:00.000Z,2.55,10002186,United Kingdom
536365,85123A,FIXTURE ITEM,6,2010-12-01T08:26:00.000Z,2.55,10002187,United Kingdom
536365,85123A,FIXTURE ITEM,6,2010-12-01T08:26:00.000Z,2.55,10002188,United Kingdom
536365,85123A,FIXTURE ITEM,6,2010-12-01T08:26:00.000Z,2.55,10002189,United Kingdom
536365,85123A,FIXTURE ITEM,6,2010-12-01T08:26:00.000Z,2.55,10002190,United Kingdom
536365,85123A,FIXTURE ITEM,6,2010-12-01T08:26:00.000Z,2.55,10002191,United Kingdom
536365,85123A,FIXTURE ITEM,6,2010-12-01T08:26:00.000Z,2.55,10002192,United Kingdom
536365,85123A,FIXTURE ITEM,6,2010-12-01T08:26:00.000Z,2.55,10002193,United Kingdom
536365,85123A,FIXTURE ITEM,6,2010-12-01T08:26:00.000Z,2.55,10002194,United Kingdom
536365,85123A,FIXTURE ITEM,6,2010-12-01T08:26:00.000Z,2.55,10002195,United Kingdom
536365,85123A,FIXTURE ITEM,6,2010-12-01T08:26:00.000Z,2.55,10002196,United Kingdom
536365,85123A,FIXTURE ITEM,6,2010-12-01T08:26:00.000Z,2.55,10002197,United Kingdom
536365,85123A,FIXTURE ITEM,6,2010-12-01T08:26:00.000Z,2.55,10002198,United Kingdom
536365,85123A,FIXTURE ITEM,6,2010-12-01T08:26:00.000Z,2.55,10002199,United Kingdom
536365,85123A,FIXTURE ITEM,6,2010-12-01T08:26:00.000Z,2.55,10002200,United Kingdom
536365,85123A,FIXTURE ITEM,6,2010-12-01T08:26:00.000Z,2.55,10002201,United Kingdom
536365,85123A,FIXTURE ITEM,6,2010-12-01T08:26:00.000Z,2.55,10002202,United Kingdom
536365,85123A,FIXTURE ITEM,6,2010-12-01T08:26:00.000Z,2.55,10002203,United Kingdom
536365,85123A,FIXTURE ITEM,6,2010-12-01T08:26:00.000Z,2.55,10002204,United Kingdom
536365,85123A,FIXTURE ITEM,6,2010-12-01T08:26:00.000Z,2.55,10002205,United Kingdom
536365,85123A,FIXTURE ITEM,6,2010-12-01T08:26:00.000Z,2.55,10002206,United Kingdom
536365,85123A,FIXTURE ITEM,6,2010-12-01T08:26:00.000Z,2.55,10002207,United Kingdom
536365,85123A,FIXTURE ITEM,6,2010-12-01T08:26:00.000Z,2.55,10002208,United Kingdom
536365,85123A,FIXTURE ITEM,6,2010-12-01T08:26:00.000Z,2.55,10002209,United Kingdom
536365,85123A,FIXTURE ITEM,6,2010-12-01T08:26:00.000Z,2.55,10002210,United Kingdom
536365,85123A,FIXTURE ITEM,6,2010-12-01T08:26:00.000Z,2.55,10002211,United Kingdom
536365,85123A,FIXTURE ITEM,6,2010-12-01T08:26:00.000Z,2.55,10002212,United Kingdom
536365,85123A,FIXTURE ITEM,6,2010-12-01T08:26:00.000Z,2.55,10002213,United Kingdom
536365,85123A,FIXTURE ITEM,6,2010-12-01T08:26:00.000Z,2.55,10002214,United Kingdom
536365,85123A,FIXTURE ITEM,6,2010-12-01T08:26:00.000Z,2.55,10002215,United Kingdom
536365,85123A,FIXTURE ITEM,6,2010-12-01T08:26:00.000Z,2.55,10002216,United Kingdom
536365,85123A,FIXTURE ITEM,6,2010-12-01T08:26:00.000Z,2.55,10002217,United Kingdom
536365,85123A,FIXTURE ITEM,6,2010-12-01T08:26:00.000Z,2.55,10002218,United Kingdom
536365,85123A,FIXTURE ITEM,6,2010-12-01T08:26:00.000Z,2.55,10002219,United Kingdom
536365,85123A,FIXTURE ITEM,6,2010-12-01T08:26:00.000Z,2.55,10002220,United Kingdom
536365,85123A,FIXTURE ITEM,6,2010-12-01T08:26:00.000Z,2.55,10002221,United Kingdom
536365,85123A,FIXTURE ITEM,6,2010-12-01T08:26:00.000Z,2.55,10002222,United Kingdom
536365,85123A,FIXTURE ITEM,6,2010-12-01T08:26:00.000Z,2.55,10002223,United Kingdom
536365,85123A,FIXTURE ITEM,6,2010-12-01T08:26:00.000Z,2.55,10002224,United Kingdom
536365,85123A,FIXTURE ITEM,6,2010-12-01T08:26:00.000Z,2.55,10002225,United Kingdom
536365,85123A,FIXTURE ITEM,6,2010-12-01T08:26:00.000Z,2.55,10002226,United Kingdom
536365,85123A,FIXTURE ITEM,6,2010-12-01T08:26:00.000Z,2.55,10002227,United Kingdom
536365,85123A,FIXTURE ITEM,6,2010-12-01T08:26:00.000Z,2.55,10002228,United Kingdom
536365,85123A,FIXTURE ITEM,6,2010-12-01T08:26:00.000Z,2.55,10002229,United Kingdom
536365,85123A,FIXTURE ITEM,6,2010-12-01T08:26:00.000Z,2.55,10002230,United Kingdom
536365,85123A,FIXTURE ITEM,6,2010-12-01T08:26:00.000Z,2.55,10002231,United Kingdom
536365,85123A,FIXTURE ITEM,6,2010-12-01T08:26:00.000Z,2.55,10002232,United Kingdom
536365,85123A,FIXTURE ITEM,6,2010-12-01T08:26:00.000Z,2.55,10002233,United Kingdom
536365,85123A,FIXTURE ITEM,6,2010-12-01T08:26:00.000Z,2.55,10002234,United Kingdom
536365,85123A,FIXTURE ITEM,6,2010-12-01T08:26:00.000Z,2.55,10002235,United Kingdom
536365,85123A,FIXTURE ITEM,6,2010-12-01T08:26:00.000Z,2.55,10002236,United Kingdom
536365,85123A,FIXTURE ITEM,6,2010-12-01T08:26:00.000Z,2.55,10002237,United Kingdom
536365,85123A,FIXTURE ITEM,6,2010-12-01T08:26:00.000Z,2.55,10002238,United Kingdom
536365,85123A,FIXTURE ITEM,6,2010-12-01T08:26:00.000Z,2.55,10002239,United Kingdom
536365,85123A,FIXTURE ITEM,6,2010-12-01T08:26:00.000Z,2.55,10002240,United Kingdom
536365,85123A,FIXTURE ITEM,6,2010-12-01T08:26:00.000Z,2.55,10002241,United Kingdom
536365,85123A,FIXTURE ITEM,6,2010-12-01T08:26:00.000Z,2.55,10002242,United Kingdom
536365,85123A,FIXTURE ITEM,6,2010-12-01T08:26:00.000Z,2.55,10002243,United Kingdom
536365,85123A,FIXTURE ITEM,6,2010-12-01T08:26:00.000Z,2.55,10002244,United Kingdom
536365,85123A,FIXTURE ITEM,6,2010-12-01T08:26:00.000Z,2.55,10002245,United Kingdom
536365,85123A,FIXTURE ITEM,6,2010-12-01T08:26:00.000Z,2.55,10002246,United Kingdom
536365,85123A,FIXTURE ITEM,6,2010-12-01T08:26:00.000Z,2.55,10002247,United Kingdom
536365,85123A,FIXTURE ITEM,6,2010-12-01T08:26:00.000Z,2.55,10002248,United Kingdom
536365,85123A,FIXTURE ITEM,6,2010-12-01T08:26:00.000Z,2.55,10002249,United Kingdom
536365,85123A,FIXTURE ITEM,6,2010-12-01T08:26:00.000Z,2.55,10002250,United Kingdom
536365,85123A,FIXTURE ITEM,6,2010-12-01T08:26:00.000Z,2.55,10002251,United Kingdom
536365,85123A,FIXTURE ITEM,6,2010-12-01T08:26:00.000Z,2.55,10002252,United Kingdom
536365,85123A,FIXTURE ITEM,6,2010-12-01T08:26:00.000Z,2.55,10002253,United Kingdom
536365,85123A,FIXTURE ITEM,6,2010-12-01T08:26:00.000Z,2.55,10002254,United Kingdom
536365,85123A,FIXTURE ITEM,6,2010-12-01T08:26:00.000Z,2.55,10002255,United Kingdom
536365,85123A,FIXTURE ITEM,6,2010-12-01T08:26:00.000Z,2.55,10002256,United Kingdom
536365,85123A,FIXTURE ITEM,6,2010-12-01T08:26:00.000Z,2.55,10002257,United Kingdom
536365,85123A,FIXTURE ITEM,6,2010-12-01T08:26:00.000Z,2.55,10002258,United Kingdom
536365,85123A,FIXTURE ITEM,6,2010-12-01T08:26:00.000Z,2.55,10002259,United Kingdom
536365,85123A,FIXTURE ITEM,6,2010-12-01T08:26:00.000Z,2.55,10002260,United Kingdom
536365,85123A,FIXTURE ITEM,6,2010-12-01T08:26:00.000Z,2.55,10002261,United Kingdom
536365,85123A,FIXTURE ITEM,6,2010-12-01T08:26:00.000Z,2.55,10002262,United Kingdom
536365,85123A,FIXTURE ITEM,6,2010-12-01T08:26:00.000Z,2.55,10002263,United Kingdom
536365,85123A,FIXTURE ITEM,6,2010-12-01T08:26:00.000Z,2.55,10002264,United Kingdom
536365,85123A,FIXTURE ITEM,6,2010-12-01T08:26:00.000Z,2.55,10002265,United Kingdom
536365,85123A,FIXTURE ITEM,6,2010-12-01T08:26:00.000Z,2.55,10002266,United Kingdom
536365,85123A,FIXTURE ITEM,6,2010-12-01T08:26:00.000Z,2.55,10002267,United Kingdom
536365,85123A,FIXTURE ITEM,6,2010-12-01T08:26:00.000Z,2.55,10002268,United Kingdom
536365,85123A,FIXTURE ITEM,6,2010-12-01T08:26:00.000Z,2.55,10002269,United Kingdom
536365,85123A,FIXTURE ITEM,6,2010-12-01T08:26:00.000Z,2.55,10002270,United Kingdom
536365,85123A,FIXTURE ITEM,6,2010-12-01T08:26:00.000Z,2.55,10002271,United Kingdom
536365,85123A,FIXTURE ITEM,6,2010-12-01T08:26:00.000Z,2.55,10002272,United Kingdom
536365,85123A,FIXTURE ITEM,6,2010-12-01T08:26:00.000Z,2.55,10002273,United Kingdom
536365,85123A,FIXTURE ITEM,6,2010-12-01T08:26:00.000Z,2.55,10002274,United Kingdom
536365,85123A,FIXTURE ITEM,6,2010-12-01T08:26:00.000Z,2.55,10002275,United Kingdom
536365,85123A,FIXTURE ITEM,6,2010-12-01T08:26:00.000Z,2.55,10002276,United Kingdom
536365,85123A,FIXTURE ITEM,6,2010-12-01T08:26:00.000Z,2.55,10002277,United Kingdom
536365,85123A,FIXTURE ITEM,6,2010-12-01T08:26:00.000Z,2.55,10002278,United Kingdom
536365,85123A,FIXTURE ITEM,6,2010-12-01T08:26:00.000Z,2.55,10002279,United Kingdom
536365,85123A,FIXTURE ITEM,6,2010-12-01T08:26:00.000Z,2.55,10002280,United Kingdom
536365,85123A,FIXTURE ITEM,6,2010-12-01T08:26:00.000Z,2.55,10002281,United Kingdom
536365,85123A,FIXTURE ITEM,6,2010-12-01T08:26:00.000Z,2.55,10002282,United Kingdom
536365,85123A,FIXTURE ITEM,6,2010-12-01T08:26:00.000Z,2.55,10002283,United Kingdom
536365,85123A,FIXTURE ITEM,6,2010-12-01T08:26:00.000Z,2.55,10002284,United Kingdom
536365,85123A,FIXTURE ITEM,6,2010-12-01T08:26:00.000Z,2.55,10002285,United Kingdom
536365,85123A,FIXTURE ITEM,6,2010-12-01T08:26:00.000Z,2.55,10002286,United Kingdom
536365,85123A,FIXTURE ITEM,6,2010-12-01T08:26:00.000Z,2.55,10002287,United Kingdom
536365,85123A,FIXTURE ITEM,6,2010-12-01T08:26:00.000Z,2.55,10002288,United Kingdom
536365,85123A,FIXTURE ITEM,6,2010-12-01T08:26:00.000Z,2.55,10002289,United Kingdom
536365,85123A,FIXTURE ITEM,6,2010-12-01T08:26:00.000Z,2.55,10002290,United Kingdom
536365,85123A,FIXTURE ITEM,6,2010-12-01T08:26:00.000Z,2.55,10002291,United Kingdom
536365,85123A,FIXTURE ITEM,6,2010-12-01T08:26:00.000Z,2.55,10002292,United Kingdom
536365,85123A,FIXTURE ITEM,6,2010-12-01T08:26:00.000Z,2.55,10002293,United Kingdom
536365,85123A,FIXTURE ITEM,6,2010-12-01T08:26:00.000Z,2.55,10002294,United Kingdom
536365,85123A,FIXTURE ITEM,6,2010-12-01T08:26:00.000Z,2.55,10002295,United Kingdom
536365,85123A,FIXTURE ITEM,6,2010-12-01T08:26:00.000Z,2.55,10002296,United Kingdom
536365,85123A,FIXTURE ITEM,6,2010-12-01T08:26:00.000Z,2.55,10002297,United Kingdom
536365,85123A,FIXTURE ITEM,6,2010-12-01T08:26:00.000Z,2.55,10002298,United Kingdom
536365,85123A,FIXTURE ITEM,6,2010-12-01T08:26:00.000Z,2.55,10002299,United Kingdom
536365,85123A,FIXTURE ITEM,6,2010-12-01T08:26:00.000Z,2.55,10002300,United Kingdom
536365,85123A,FIXTURE ITEM,6,2010-12-01T08:26:00.000Z,2.55,10002301,United Kingdom
536365,85123A,FIXTURE ITEM,6,2010-12-01T08:26:00.000Z,2.55,10002302,United Kingdom
536365,85123A,FIXTURE ITEM,6,2010-12-01T08:26:00.000Z,2.55,10002303,United Kingdom
536365,85123A,FIXTURE ITEM,6,2010-12-01T08:26:00.000Z,2.55,10002304,United Kingdom
536365,85123A,FIXTURE ITEM,6,2010-12-01T08:26:00.000Z,2.55,10002305,United Kingdom
536365,85123A,FIXTURE ITEM,6,2010-12-01T08:26:00.000Z,2.55,10002306,United Kingdom
536365,85123A,FIXTURE ITEM,6,2010-12-01T08:26:00.000Z,2.55,10002307,United Kingdom
536365,85123A,FIXTURE ITEM,6,2010-12-01T08:26:00.000Z,2.55,10002308,United Kingdom
536365,85123A,FIXTURE ITEM,6,2010-12-01T08:26:00.000Z,2.55,10002309,United Kingdom
536365,85123A,FIXTURE ITEM,6,2010-12-01T08:26:00.000Z,2.55,10002310,United Kingdom
536365,85123A,FIXTURE ITEM,6,2010-12-01T08:26:00.000Z,2.55,10002311,United Kingdom
536365,85123A,FIXTURE ITEM,6,2010-12-01T08:26:00.000Z,2.55,10002312,United Kingdom
536365,85123A,FIXTURE ITEM,6,2010-12-01T08:26:00.000Z,2.55,10002313,United Kingdom
536365,85123A,FIXTURE ITEM,6,2010-12-01T08:26:00.000Z,2.55,10002314,United Kingdom
536365,85123A,FIXTURE ITEM,6,2010-12-01T08:26:00.000Z,2.55,10002315,United Kingdom
536365,85123A,FIXTURE ITEM,6,2010-12-01T08:26:00.000Z,2.55,10002316,United Kingdom
536365,85123A,FIXTURE ITEM,6,2010-12-01T08:26:00.000Z,2.55,10002317,United Kingdom
536365,85123A,FIXTURE ITEM,6,2010-12-01T08:26:00.000Z,2.55,10002318,United Kingdom
536365,85123A,FIXTURE ITEM,6,2010-12-01T08:26:00.000Z,2.55,10002319,United Kingdom
536365,85123A,FIXTURE ITEM,6,2010-12-01T08:26:00.000Z,2.55,10002320,United Kingdom
536365,85123A,FIXTURE ITEM,6,2010-12-01T08:26:00.000Z,2.55,10002321,United Kingdom
536365,85123A,FIXTURE ITEM,6,2010-12-01T08:26:00.000Z,2.55,10002322,United Kingdom
536365,85123A,FIXTURE ITEM,6,2010-12-01T08:26:00.000Z,2.55,10002323,United Kingdom
536365,85123A,FIXTURE ITEM,6,2010-12-01T08:26:00.000Z,2.55,10002324,United Kingdom
536365,85123A,FIXTURE ITEM,6,2010-12-01T08:26:00.000Z,2.55,10002325,United Kingdom
536365,85123A,FIXTURE ITEM,6,2010-12-01T08:26:00.000Z,2.55,10002326,United Kingdom
536365,85123A,FIXTURE ITEM,6,2010-12-01T08:26:00.000Z,2.55,10002327,United Kingdom
536365,85123A,FIXTURE ITEM,6,2010-12-01T08:26:00.000Z,2.55,10002328,United Kingdom
536365,85123A,FIXTURE ITEM,6,2010-12-01T08:26:00.000Z,2.55,10002329,United Kingdom
536365,85123A,FIXTURE ITEM,6,2010-12-01T08:26:00.000Z,2.55,10002330,United Kingdom
536365,85123A,FIXTURE ITEM,6,2010-12-01T08:26:00.000Z,2.55,10002331,United Kingdom
536365,85123A,FIXTURE ITEM,6,2010-12-01T08:26:00.000Z,2.55,10002332,United Kingdom
536365,85123A,FIXTURE ITEM,6,2010-12-01T08:26:00.000Z,2.55,10002333,United Kingdom
536365,85123A,FIXTURE ITEM,6,2010-12-01T08:26:00.000Z,2.55,10002334,United Kingdom
536365,85123A,FIXTURE ITEM,6,2010-12-01T08:26:00.000Z,2.55,10002335,United Kingdom
536365,85123A,FIXTURE ITEM,6,2010-12-01T08:26:00.000Z,2.55,10002336,United Kingdom
536365,85123A,FIXTURE ITEM,6,2010-12-01T08:26:00.000Z,2.55,10002337,United Kingdom
536365,85123A,FIXTURE ITEM,6,2010-12-01T08:26:00.000Z,2.55,10002338,United Kingdom
536365,85123A,FIXTURE ITEM,6,2010-12-01T08:26:00.000Z,2.55,10002339,United Kingdom
536365,85123A,FIXTURE ITEM,6,2010-12-01T08:26:00.000Z,2.55,10002340,United Kingdom
536365,85123A,FIXTURE ITEM,6,2010-12-01T08:26:00.000Z,2.55,10002341,United Kingdom
536365,85123A,FIXTURE ITEM,6,2010-12-01T08:26:00.000Z,2.55,10002342,United Kingdom
536365,85123A,FIXTURE ITEM,6,2010-12-01T08:26:00.000Z,2.55,10002343,United Kingdom
536365,85123A,FIXTURE ITEM,6,2010-12-01T08:26:00.000Z,2.55,10002344,United Kingdom
536365,85123A,FIXTURE ITEM,6,2010-12-01T08:26:00.000Z,2.55,10002345,United Kingdom
536365,85123A,FIXTURE ITEM,6,2010-12-01T08:26:00.000Z,2.55,10002346,United Kingdom
536365,85123A,FIXTURE ITEM,6,2010-12-01T08:26:00.000Z,2.55,10002347,United Kingdom
536365,85123A,FIXTURE ITEM,6,2010-12-01T08:26:00.000Z,2.55,10002348,United Kingdom
536365,85123A,FIXTURE ITEM,6,2010-12-01T08:26:00.000Z,2.55,10002349,United Kingdom
536365,85123A,FIXTURE ITEM,6,2010-12-01T08:26:00.000Z,2.55,10002350,United Kingdom
536365,85123A,FIXTURE ITEM,6,2010-12-01T08:26:00.000Z,2.55,10002351,United Kingdom
536365,85123A,FIXTURE ITEM,6,2010-12-01T08:26:00.000Z,2.55,10002352,United Kingdom
536365,85123A,FIXTURE ITEM,6,2010-12-01T08:26:00.000Z,2.55,10002353,United Kingdom
536365,85123A,FIXTURE ITEM,6,2010-12-01T08:26:00.000Z,2.55,10002354,United Kingdom
536365,85123A,FIXTURE ITEM,6,2010-12-01T08:26:00.000Z,2.55,10002355,United Kingdom
536365,85123A,FIXTURE ITEM,6,2010-12-01T08:26:00.000Z,2.55,10002356,United Kingdom
536365,85123A,FIXTURE ITEM,6,2010-12-01T08:26:00.000Z,2.55,10002357,United Kingdom
536365,85123A,FIXTURE ITEM,6,2010-12-01T08:26:00.000Z,2.55,10002358,United Kingdom
536365,85123A,FIXTURE ITEM,6,2010-12-01T08:26:00.000Z,2.55,10002359,United Kingdom
536365,85123A,FIXTURE ITEM,6,2010-12-01T08:26:00.000Z,2.55,10002360,United Kingdom
536365,85123A,FIXTURE ITEM,6,2010-12-01T08:26:00.000Z,2.55,10002361,United Kingdom
536365,85123A,FIXTURE ITEM,6,2010-12-01T08:26:00.000Z,2.55,10002362,United Kingdom
536365,85123A,FIXTURE ITEM,6,2010-12-01T08:26:00.000Z,2.55,10002363,United Kingdom
536365,85123A,FIXTURE ITEM,6,2010-12-01T08:26:00.000Z,2.55,10002364,United Kingdom
536365,85123A,FIXTURE ITEM,6,2010-12-01T08:26:00.000Z,2.55,10002365,United Kingdom
536365,85123A,FIXTURE ITEM,6,2010-12-01T08:26:00.000Z,2.55,10002366,United Kingdom
536365,85123A,FIXTURE ITEM,6,2010-12-01T08:26:00.000Z,2.55,10002367,United Kingdom
536365,85123A,FIXTURE ITEM,6,2010-12-01T08:26:00.000Z,2.55,10002368,United Kingdom
536365,85123A,FIXTURE ITEM,6,2010-12-01T08:26:00.000Z,2.55,10002369,United Kingdom
536365,85123A,FIXTURE ITEM,6,2010-12-01T08:26:00.000Z,2.55,10002370,United Kingdom
536365,85123A,FIXTURE ITEM,6,2010-12-01T08:26:00.000Z,2.55,10002371,United Kingdom
536365,85123A,FIXTURE ITEM,6,2010-12-01T08:26:00.000Z,2.55,10002372,United Kingdom
536365,85123A,FIXTURE ITEM,6,2010-12-01T08:26:00.000Z,2.55,10002373,United Kingdom
536365,85123A,FIXTURE ITEM,6,2010-12-01T08:26:00.000Z,2.55,10002374,United Kingdom
536365,85123A,FIXTURE ITEM,6,2010-12-01T08:26:00.000Z,2.55,10002375,United Kingdom
536365,85123A,FIXTURE ITEM,6,2010-12-01T08:26:00.000Z,2.55,10002376,United Kingdom
536365,85123A,FIXTURE ITEM,6,2010-12-01T08:26:00.000Z,2.55,10002377,United Kingdom
536365,85123A,FIXTURE ITEM,6,2010-12-01T08:26:00.000Z,2.55,10002378,United Kingdom
536365,85123A,FIXTURE ITEM,6,2010-12-01T08:26:00.000Z,2.55,10002379,United Kingdom
536365,85123A,FIXTURE ITEM,6,2010-12-01T08:26:00.000Z,2.55,10002380,United Kingdom
536365,85123A,FIXTURE ITEM,6,2010-12-01T08:26:00.000Z,2.55,10002381,United Kingdom
536365,85123A,FIXTURE ITEM,6,2010-12-01T08:26:00.000Z,2.55,10002382,United Kingdom
536365,85123A,FIXTURE ITEM,6,2010-12-01T08:26:00.000Z,2.55,10002383,United Kingdom
536365,85123A,FIXTURE ITEM,6,2010-12-01T08:26:00.000Z,2.55,10002384,United Kingdom
536365,85123A,FIXTURE ITEM,6,2010-12-01T08:26:00.000Z,2.55,10002385,United Kingdom
536365,85123A,FIXTURE ITEM,6,2010-12-01T08:26:00.000Z,2.55,10002386,United Kingdom
536365,85123A,FIXTURE ITEM,6,2010-12-01T08:26:00.000Z,2.55,10002387,United Kingdom
536365,85123A,FIXTURE ITEM,6,2010-12-01T08:26:00.000Z,2.55,10002388,United Kingdom
536365,85123A,FIXTURE ITEM,6,2010-12-01T08:26:00.000Z,2.55,10002389,United Kingdom
536365,85123A,FIXTURE ITEM,6,2010-12-01T08:26:00.000Z,2.55,10002390,United Kingdom
536365,85123A,FIXTURE ITEM,6,2010-12-01T08:26:00.000Z,2.55,10002391,United Kingdom
536365,85123A,FIXTURE ITEM,6,2010-12-01T08:26:00.000Z,2.55,10002392,United Kingdom
536365,85123A,FIXTURE ITEM,6,2010-12-01T08:26:00.000Z,2.55,10002393,United Kingdom
536365,85123A,FIXTURE ITEM,6,2010-12-01T08:26:00.000Z,2.55,10002394,United Kingdom
536365,85123A,FIXTURE ITEM,6,2010-12-01T08:26:00.000Z,2.55,10002395,United Kingdom
536365,85123A,FIXTURE ITEM,6,2010-12-01T08:26:00.000Z,2.55,10002396,United Kingdom
536365,85123A,FIXTURE ITEM,6,2010-12-01T08:26:00.000Z,2.55,10002397,United Kingdom
536365,85123A,FIXTURE ITEM,6,2010-12-01T08:26:00.000Z,2.55,10002398,United Kingdom
536365,85123A,FIXTURE ITEM,6,2010-12-01T08:26:00.000Z,2.55,10002399,United Kingdom
536365,85123A,FIXTURE ITEM,6,2010-12-01T08:26:00.000Z,2.55,10002400,United Kingdom
536365,85123A,FIXTURE ITEM,6,2010-12-01T08:26:00.000Z,2.55,10002401,United Kingdom
536365,85123A,FIXTURE ITEM,6,2010-12-01T08:26:00.000Z,2.55,10002402,United Kingdom
536365,85123A,FIXTURE ITEM,6,2010-12-01T08:26:00.000Z,2.55,10002403,United Kingdom
536365,85123A,FIXTURE ITEM,6,2010-12-01T08:26:00.000Z,2.55,10002404,United Kingdom
536365,85123A,FIXTURE ITEM,6,2010-12-01T08:26:00.000Z,2.55,10002405,United Kingdom
536365,85123A,FIXTURE ITEM,6,2010-12-01T08:26:00.000Z,2.55,10002406,United Kingdom
536365,85123A,FIXTURE ITEM,6,2010-12-01T08:26:00.000Z,2.55,10002407,United Kingdom
536365,85123A,FIXTURE ITEM,6,2010-12-01T08:26:00.000Z,2.55,10002408,United Kingdom
536365,85123A,FIXTURE ITEM,6,2010-12-01T08:26:00.000Z,2.55,10002409,United Kingdom
536365,85123A,FIXTURE ITEM,6,2010-12-01T08:26:00.000Z,2.55,10002410,United Kingdom
536365,85123A,FIXTURE ITEM,6,2010-12-01T08:26:00.000Z,2.55,10002411,United Kingdom
536365,85123A,FIXTURE ITEM,6,2010-12-01T08:26:00.000Z,2.55,10002412,United Kingdom
536365,85123A,FIXTURE ITEM,6,2010-12-01T08:26:00.000Z,2.55,10002413,United Kingdom
536365,85123A,FIXTURE ITEM,6,2010-12-01T08:26:00.000Z,2.55,10002414,United Kingdom
536365,85123A,FIXTURE ITEM,6,2010-12-01T08:26:00.000Z,2.55,10002415,United Kingdom
536365,85123A,FIXTURE ITEM,6,2010-12-01T08:26:00.000Z,2.55,10002416,United Kingdom
536365,85123A,FIXTURE ITEM,6,2010-12-01T08:26:00.000Z,2.55,10002417,United Kingdom
536365,85123A,FIXTURE ITEM,6,2010-12-01T08:26:00.000Z,2.55,10002418,United Kingdom
536365,85123A,FIXTURE ITEM,6,2010-12-01T08:26:00.000Z,2.55,10002419,United Kingdom
536365,85123A,FIXTURE ITEM,6,2010-12-01T08:26:00.000Z,2.55,10002420,United Kingdom
536365,85123A,FIXTURE ITEM,6,2010-12-01T08:26:00.000Z,2.55,10002421,United Kingdom
536365,85123A,FIXTURE ITEM,6,2010-12-01T08:26:00.000Z,2.55,10002422,United Kingdom
536365,85123A,FIXTURE ITEM,6,2010-12-01T08:26:00.000Z,2.55,10002423,United Kingdom
536365,85123A,FIXTURE ITEM,6,2010-12-01T08:26:00.000Z,2.55,10002424,United Kingdom
536365,85123A,FIXTURE ITEM,6,2010-12-01T08:26:00.000Z,2.55,10002425,United Kingdom
536365,85123A,FIXTURE ITEM,6,2010-12-01T08:26:00.000Z,2.55,10002426,United Kingdom
536365,85123A,FIXTURE ITEM,6,2010-12-01T08:26:00.000Z,2.55,10002427,United Kingdom
536365,85123A,FIXTURE ITEM,6,2010-12-01T08:26:00.000Z,2.55,10002428,United Kingdom
536365,85123A,FIXTURE ITEM,6,2010-12-01T08:26:00.000Z,2.55,10002429,United Kingdom
536365,85123A,FIXTURE ITEM,6,2010-12-01T08:26:00.000Z,2.55,10002430,United Kingdom
536365,85123A,FIXTURE ITEM,6,2010-12-01T08:26:00.000Z,2.55,10002431,United Kingdom
536365,85123A,FIXTURE ITEM,6,2010-12-01T08:26:00.000Z,2.55,10002432,United Kingdom
536365,85123A,FIXTURE ITEM,6,2010-12-01T08:26:00.000Z,2.55,10002433,United Kingdom
536365,85123A,FIXTURE ITEM,6,2010-12-01T08:26:00.000Z,2.55,10002434,United Kingdom
536365,85123A,FIXTURE ITEM,6,2010-12-01T08:26:00.000Z,2.55,10002435,United Kingdom
536365,85123A,FIXTURE ITEM,6,2010-12-01T08:26:00.000Z,2.55,10002436,United Kingdom
536365,85123A,FIXTURE ITEM,6,2010-12-01T08:26:00.000Z,2.55,10002437,United Kingdom
536365,85123A,FIXTURE ITEM,6,2010-12-01T08:26:00.000Z,2.55,10002438,United Kingdom
536365,85123A,FIXTURE ITEM,6,2010-12-01T08:26:00.000Z,2.55,10002439,United Kingdom
536365,85123A,FIXTURE ITEM,6,2010-12-01T08:26:00.000Z,2.55,10002440,United Kingdom
536365,85123A,FIXTURE ITEM,6,2010-12-01T08:26:00.000Z,2.55,10002441,United Kingdom
536365,85123A,FIXTURE ITEM,6,2010-12-01T08:26:00.000Z,2.55,10002442,United Kingdom
536365,85123A,FIXTURE ITEM,6,2010-12-01T08:26:00.000Z,2.55,10002443,United Kingdom
536365,85123A,FIXTURE ITEM,6,2010-12-01T08:26:00.000Z,2.55,10002444,United Kingdom
536365,85123A,FIXTURE ITEM,6,2010-12-01T08:26:00.000Z,2.55,10002445,United Kingdom
536365,85123A,FIXTURE ITEM,6,2010-12-01T08:26:00.000Z,2.55,10002446,United Kingdom
536365,85123A,FIXTURE ITEM,6,2010-12-01T08:26:00.000Z,2.55,10002447,United Kingdom
536365,85123A,FIXTURE ITEM,6,2010-12-01T08:26:00.000Z,2.55,10002448,United Kingdom
536365,85123A,FIXTURE ITEM,6,2010-12-01T08:26:00.000Z,2.55,10002449,United Kingdom
536365,85123A,FIXTURE ITEM,6,2010-12-01T08:26:00.000Z,2.55,10002450,United Kingdom
536365,85123A,FIXTURE ITEM,6,2010-12-01T08:26:00.000Z,2.55,10002451,United Kingdom
536365,85123A,FIXTURE ITEM,6,2010-12-01T08:26:00.000Z,2.55,10002452,United Kingdom
536365,85123A,FIXTURE ITEM,6,2010-12-01T08:26:00.000Z,2.55,10002453,United Kingdom
536365,85123A,FIXTURE ITEM,6,2010-12-01T08:26:00.000Z,2.55,10002454,United Kingdom
536365,85123A,FIXTURE ITEM,6,2010-12-01T08:26:00.000Z,2.55,10002455,United Kingdom
536365,85123A,FIXTURE ITEM,6,2010-12-01T08:26:00.000Z,2.55,10002456,United Kingdom
536365,85123A,FIXTURE ITEM,6,2010-12-01T08:26:00.000Z,2.55,10002457,United Kingdom
536365,85123A,FIXTURE ITEM,6,2010-12-01T08:26:00.000Z,2.55,10002458,United Kingdom
536365,85123A,FIXTURE ITEM,6,2010-12-01T08:26:00.000Z,2.55,10002459,United Kingdom
536365,85123A,FIXTURE ITEM,6,2010-12-01T08:26:00.000Z,2.55,10002460,United Kingdom
536365,85123A,FIXTURE ITEM,6,2010-12-01T08:26:00.000Z,2.55,10002461,United Kingdom
536365,85123A,FIXTURE ITEM,6,2010-12-01T08:26:00.000Z,2.55,10002462,United Kingdom
536365,85123A,FIXTURE ITEM,6,2010-12-01T08:26:00.000Z,2.55,10002463,United Kingdom
536365,85123A,FIXTURE ITEM,6,2010-12-01T08:26:00.000Z,2.55,10002464,United Kingdom
536365,85123A,FIXTURE ITEM,6,2010-12-01T08:26:00.000Z,2.55,10002465,United Kingdom
536365,85123A,FIXTURE ITEM,6,2010-12-01T08:26:00.000Z,2.55,10002466,United Kingdom
536365,85123A,FIXTURE ITEM,6,2010-12-01T08:26:00.000Z,2.55,10002467,United Kingdom
536365,85123A,FIXTURE ITEM,6,2010-12-01T08:26:00.000Z,2.55,10002468,United Kingdom
536365,85123A,FIXTURE ITEM,6,2010-12-01T08:26:00.000Z,2.55,10002469,United Kingdom
536365,85123A,FIXTURE ITEM,6,2010-12-01T08:26:00.000Z,2.55,10002470,United Kingdom
536365,85123A,FIXTURE ITEM,6,2010-12-01T08:26:00.000Z,2.55,10002471,United Kingdom
536365,85123A,FIXTURE ITEM,6,2010-12-01T08:26:00.000Z,2.55,10002472,United Kingdom
536365,85123A,FIXTURE ITEM,6,2010-12-01T08:26:00.000Z,2.55,10002473,United Kingdom
536365,85123A,FIXTURE ITEM,6,2010-12-01T08:26:00.000Z,2.55,10002474,United Kingdom
536365,85123A,FIXTURE ITEM,6,2010-12-01T08:26:00.000Z,2.55,10002475,United Kingdom
536365,85123A,FIXTURE ITEM,6,2010-12-01T08:26:00.000Z,2.55,10002476,United Kingdom
536365,85123A,FIXTURE ITEM,6,2010-12-01T08:26:00.000Z,2.55,10002477,United Kingdom
536365,85123A,FIXTURE ITEM,6,2010-12-01T08:26:00.000Z,2.55,10002478,United Kingdom
536365,85123A,FIXTURE ITEM,6,2010-12-01T08:26:00.000Z,2.55,10002479,United Kingdom
536365,85123A,FIXTURE ITEM,6,2010-12-01T08:26:00.000Z,2.55,10002480,United Kingdom
536365,85123A,FIXTURE ITEM,6,2010-12-01T08:26:00.000Z,2.55,10002481,United Kingdom
536365,85123A,FIXTURE ITEM,6,2010-12-01T08:26:00.000Z,2.55,10002482,United Kingdom
536365,85123A,FIXTURE ITEM,6,2010-12-01T08:26:00.000Z,2.55,10002483,United Kingdom
536365,85123A,FIXTURE ITEM,6,2010-12-01T08:26:00.000Z,2.55,10002484,United Kingdom
536365,85123A,FIXTURE ITEM,6,2010-12-01T08:26:00.000Z,2.55,10002485,United Kingdom
536365,85123A,FIXTURE ITEM,6,2010-12-01T08:26:00.000Z,2.55,10002486,United Kingdom
536365,85123A,FIXTURE ITEM,6,2010-12-01T08:26:00.000Z,2.55,10002487,United Kingdom
536365,85123A,FIXTURE ITEM,6,2010-12-01T08:26:00.000Z,2.55,10002488,United Kingdom
536365,85123A,FIXTURE ITEM,6,2010-12-01T08:26:00.000Z,2.55,10002489,United Kingdom
536365,85123A,FIXTURE ITEM,6,2010-12-01T08:26:00.000Z,2.55,10002490,United Kingdom
536365,85123A,FIXTURE ITEM,6,2010-12-01T08:26:00.000Z,2.55,10002491,United Kingdom
536365,85123A,FIXTURE ITEM,6,2010-12-01T08:26:00.000Z,2.55,10002492,United Kingdom
536365,85123A,FIXTURE ITEM,6,2010-12-01T08:26:00.000Z,2.55,10002493,United Kingdom
536365,85123A,FIXTURE ITEM,6,2010-12-01T08:26:00.000Z,2.55,10002494,United Kingdom
536365,85123A,FIXTURE ITEM,6,2010-12-01T08:26:00.000Z,2.55,10002495,United Kingdom
536365,85123A,FIXTURE ITEM,6,2010-12-01T08:26:00.000Z,2.55,10002496,United Kingdom
536365,85123A,FIXTURE ITEM,6,2010-12-01T08:26:00.000Z,2.55,10002497,United Kingdom
536365,85123A,FIXTURE ITEM,6,2010-12-01T08:26:00.000Z,2.55,10002498,United Kingdom
536365,85123A,FIXTURE ITEM,6,2010-12-01T08:26:00.000Z,2.55,10002499,United Kingdom
536365,85123A,FIXTURE ITEM,6,2010-12-01T08:26:00.000Z,2.55,10002500,United Kingdom
536366,85123A,FIXTURE ITEM,2,2010-12-02T08:26:00.000Z,2.55,10001,United Kingdom
536366,85123A,FIXTURE ITEM,2,2010-12-02T08:26:00.000Z,2.55,10001,United Kingdom
536366,85123A,FIXTURE ITEM,2,2010-12-02T08:26:00.000Z,2.55,10001,United Kingdom
536366,85123A,FIXTURE ITEM,2,2010-12-02T08:26:00.000Z,2.55,10001,United Kingdom
536366,85123A,FIXTURE ITEM,2,2010-12-02T08:26:00.000Z,2.55,10001,United Kingdom
536366,85123A,FIXTURE ITEM,2,2010-12-02T08:26:00.000Z,2.55,10001,United Kingdom
536366,85123A,FIXTURE ITEM,2,2010-12-02T08:26:00.000Z,2.55,10001,United Kingdom
536366,85123A,FIXTURE ITEM,2,2010-12-02T08:26:00.000Z,2.55,10001,United Kingdom
536366,85123A,FIXTURE ITEM,2,2010-12-02T08:26:00.000Z,2.55,10001,United Kingdom
536366,85123A,FIXTURE ITEM,2,2010-12-02T08:26:00.000Z,2.55,10001,United Kingdom
C536361,85123A,FIXTURE ITEM,-1,2010-12-03T08:26:00.000Z,2.55,10001,United Kingdom
C536362,85123A,FIXTURE ITEM,-1,2010-12-03T08:26:00.000Z,2.55,10001,United Kingdom
C536363,85123A,FIXTURE ITEM,-1,2010-12-03T08:26:00.000Z,2.55,10001,United Kingdom
C536364,85123A,FIXTURE ITEM,-1,2010-12-03T08:26:00.000Z,2.55,10001,United Kingdom
